date,feature_index,NO2
2022-10-18 00:00:00+00:00,0,2.8112128347856924e-05
2022-10-19 00:00:00+00:00,0,2.8112128347856924e-05
2022-10-20 00:00:00+00:00,0,2.8112128347856924e-05
2022-10-21 00:00:00+00:00,0,2.8112128347856924e-05
2022-10-22 00:00:00+00:00,0,2.8112128347856924e-05
2022-10-23 00:00:00+00:00,0,2.834538281604182e-05
2022-10-24 00:00:00+00:00,0,3.2349811226595195e-05
2022-10-25 00:00:00+00:00,0,3.635423963714857e-05
2022-10-26 00:00:00+00:00,0,4.035866804770194e-05
2022-10-27 00:00:00+00:00,0,4.436309645825531e-05
2022-10-28 00:00:00+00:00,0,4.836752486880869e-05
2022-10-29 00:00:00+00:00,0,7.266955435625277e-05
2022-10-30 00:00:00+00:00,0,9.697158384369686e-05
2022-10-31 00:00:00+00:00,0,4.610198448062874e-05
2022-11-01 00:00:00+00:00,0,3.72459071513731e-05
2022-11-02 00:00:00+00:00,0,2.8479101274569985e-05
2022-11-03 00:00:00+00:00,0,1.9712295397766862e-05
2022-11-04 00:00:00+00:00,0,2.029645111178979e-05
2022-11-05 00:00:00+00:00,0,2.0880606825812716e-05
2022-11-06 00:00:00+00:00,0,2.1464762539835647e-05
2022-11-07 00:00:00+00:00,0,2.2048918253858574e-05
2022-11-08 00:00:00+00:00,0,2.26330739678815e-05
2022-11-09 00:00:00+00:00,0,2.190339930368484e-05
2022-11-10 00:00:00+00:00,0,2.1173724639488177e-05
2022-11-11 00:00:00+00:00,0,2.0444049975291517e-05
2022-11-12 00:00:00+00:00,0,1.9714375311094853e-05
2022-11-13 00:00:00+00:00,0,1.8984700646898193e-05
2022-11-14 00:00:00+00:00,0,1.8255025982701532e-05
2022-11-15 00:00:00+00:00,0,1.752535131850487e-05
2022-11-16 00:00:00+00:00,0,1.6795676654308205e-05
2022-11-17 00:00:00+00:00,0,1.6066001990111545e-05
2022-11-18 00:00:00+00:00,0,1.4987574468250387e-05
2022-11-19 00:00:00+00:00,0,1.3909146946389227e-05
2022-11-20 00:00:00+00:00,0,1.2830719424528069e-05
2022-11-21 00:00:00+00:00,0,1.175229190266691e-05
2022-11-22 00:00:00+00:00,0,1.0673864380805751e-05
2022-11-23 00:00:00+00:00,0,1.211600269576033e-05
2022-11-24 00:00:00+00:00,0,1.3558141010714908e-05
2022-11-25 00:00:00+00:00,0,1.5000279325669486e-05
2022-11-26 00:00:00+00:00,0,1.6442417640624066e-05
2022-11-27 00:00:00+00:00,0,1.7884555955578642e-05
2022-11-28 00:00:00+00:00,0,1.9326694270533222e-05
2022-11-29 00:00:00+00:00,0,2.07688325854878e-05
2022-11-30 00:00:00+00:00,0,2.221097090044238e-05
2022-12-01 00:00:00+00:00,0,2.365310921539696e-05
2022-12-02 00:00:00+00:00,0,2.5095247530351535e-05
2022-12-03 00:00:00+00:00,0,2.653738584530611e-05
2022-12-04 00:00:00+00:00,0,2.797952416026069e-05
2022-12-05 00:00:00+00:00,0,2.942166247521527e-05
2022-12-06 00:00:00+00:00,0,1.2975494428246748e-05
2022-12-07 00:00:00+00:00,0,3.574417132767849e-05
2022-12-08 00:00:00+00:00,0,3.192248004779685e-05
2022-12-09 00:00:00+00:00,0,2.810078876791522e-05
2022-12-10 00:00:00+00:00,0,3.096440923400223e-05
2022-12-11 00:00:00+00:00,0,2.255688377772458e-05
2022-12-12 00:00:00+00:00,0,3.461922096903436e-05
2022-12-13 00:00:00+00:00,0,3.3405263820895925e-05
2022-12-14 00:00:00+00:00,0,3.219130667275749e-05
2022-12-15 00:00:00+00:00,0,3.097734952461906e-05
2022-12-16 00:00:00+00:00,0,2.964930718007963e-05
2022-12-17 00:00:00+00:00,0,2.8321264835540205e-05
2022-12-18 00:00:00+00:00,0,2.699322249100078e-05
2022-12-19 00:00:00+00:00,0,3.0514574973494742e-05
2022-12-20 00:00:00+00:00,0,4.399286262923852e-05
2022-12-21 00:00:00+00:00,0,3.624857345130295e-05
2022-12-22 00:00:00+00:00,0,3.575171675558003e-05
2022-12-23 00:00:00+00:00,0,3.5254860059857105e-05
2022-12-24 00:00:00+00:00,0,3.475800336413419e-05
2022-12-25 00:00:00+00:00,0,3.4261146668411265e-05
2022-12-26 00:00:00+00:00,0,3.376428997268834e-05
2022-12-27 00:00:00+00:00,0,3.326743327696542e-05
2022-12-28 00:00:00+00:00,0,3.2770576581242494e-05
2022-12-29 00:00:00+00:00,0,3.227371988551958e-05
2022-12-30 00:00:00+00:00,0,3.1776863189796654e-05
2022-12-31 00:00:00+00:00,0,3.128000649407373e-05
2023-01-01 00:00:00+00:00,0,3.078314979835081e-05
2023-01-02 00:00:00+00:00,0,3.0286293102627887e-05
2023-01-03 00:00:00+00:00,0,2.9789436406904967e-05
2023-01-04 00:00:00+00:00,0,2.9292579711182043e-05
2023-01-05 00:00:00+00:00,0,2.05595169973094e-05
2023-01-06 00:00:00+00:00,0,3.377087523404043e-05
2023-01-07 00:00:00+00:00,0,4.698223347077146e-05
2023-01-08 00:00:00+00:00,0,2.03459057956934e-05
2023-01-09 00:00:00+00:00,0,5.642266114591621e-05
2023-01-10 00:00:00+00:00,0,9.249941649613902e-05
2023-01-11 00:00:00+00:00,0,2.49321419687476e-05
2023-01-12 00:00:00+00:00,0,3.0002025596331805e-05
2023-01-13 00:00:00+00:00,0,2.27966156671755e-05
2023-01-14 00:00:00+00:00,0,1.700725442788098e-05
2023-01-15 00:00:00+00:00,0,2.4412757738900837e-05
2023-01-16 00:00:00+00:00,0,3.181826104992069e-05
2023-01-17 00:00:00+00:00,0,2.52105928666424e-05
2023-01-18 00:00:00+00:00,0,2.6374380468041636e-05
2023-01-19 00:00:00+00:00,0,2.753816806944087e-05
2023-01-20 00:00:00+00:00,0,2.8701955670840107e-05
2023-01-21 00:00:00+00:00,0,2.9865743272239342e-05
2023-01-22 00:00:00+00:00,0,3.63961880793795e-05
2023-01-23 00:00:00+00:00,0,3.531125660381142e-05
2023-01-24 00:00:00+00:00,0,3.4226325128243346e-05
2023-01-25 00:00:00+00:00,0,3.314139365267527e-05
2023-01-26 00:00:00+00:00,0,3.205646217710719e-05
2023-01-27 00:00:00+00:00,0,3.097153070153912e-05
2023-01-28 00:00:00+00:00,0,2.9886599225971043e-05
2023-01-29 00:00:00+00:00,0,2.8801667750402967e-05
2023-01-30 00:00:00+00:00,0,2.7716736274834893e-05
2023-01-31 00:00:00+00:00,0,2.6631804799266817e-05
2023-02-01 00:00:00+00:00,0,2.554687332369874e-05
2023-02-02 00:00:00+00:00,0,2.4461941848130664e-05
2023-02-03 00:00:00+00:00,0,2.3377010372562587e-05
2023-02-04 00:00:00+00:00,0,2.229207889699451e-05
2023-02-05 00:00:00+00:00,0,2.1207147421426434e-05
2023-02-06 00:00:00+00:00,0,2.012221594585836e-05
2023-02-07 00:00:00+00:00,0,1.9037284470290285e-05
2023-02-08 00:00:00+00:00,0,1.7952352994722208e-05
2023-02-09 00:00:00+00:00,0,1.686742151915413e-05
2023-02-10 00:00:00+00:00,0,1.578249004358606e-05
2023-02-11 00:00:00+00:00,0,1.4697558568017982e-05
2023-02-12 00:00:00+00:00,0,1.3612627092449905e-05
2023-02-13 00:00:00+00:00,0,1.2527695616881829e-05
2023-02-14 00:00:00+00:00,0,3.0650327971670777e-05
2023-02-15 00:00:00+00:00,0,3.018947457652151e-05
2023-02-16 00:00:00+00:00,0,2.972862118137224e-05
2023-02-17 00:00:00+00:00,0,2.9267767786222976e-05
2023-02-18 00:00:00+00:00,0,2.8806914391073708e-05
2023-02-19 00:00:00+00:00,0,2.834606099592444e-05
2023-02-20 00:00:00+00:00,0,2.788520760077517e-05
2023-02-21 00:00:00+00:00,0,3.0293576401163588e-05
2023-02-22 00:00:00+00:00,0,3.270194520155201e-05
2023-02-23 00:00:00+00:00,0,3.5110314001940424e-05
2023-02-24 00:00:00+00:00,0,3.751868280232884e-05
2023-02-25 00:00:00+00:00,0,3.419428399606009e-05
2023-02-26 00:00:00+00:00,0,3.0869885189791345e-05
2023-02-27 00:00:00+00:00,0,2.7545486383522594e-05
2023-02-28 00:00:00+00:00,0,2.4221087577253847e-05
2023-03-01 00:00:00+00:00,0,2.08966887709851e-05
2023-03-02 00:00:00+00:00,0,1.757228996471635e-05
2023-03-03 00:00:00+00:00,0,1.42478911584476e-05
2023-03-04 00:00:00+00:00,0,2.46157028414018e-05
2023-03-05 00:00:00+00:00,0,3.4983514524355996e-05
2023-03-06 00:00:00+00:00,0,4.5351326207310194e-05
2023-03-07 00:00:00+00:00,0,5.571913789026439e-05
2023-03-08 00:00:00+00:00,0,4.449527114047669e-05
2023-03-09 00:00:00+00:00,0,3.3271404390688986e-05
2023-03-10 00:00:00+00:00,0,2.204753764090128e-05
2023-03-11 00:00:00+00:00,0,3.423247471801005e-05
2023-03-12 00:00:00+00:00,0,2.0870513253612444e-05
2023-03-13 00:00:00+00:00,0,1.8725111355403595e-05
2023-03-14 00:00:00+00:00,0,1.6579709457194742e-05
2023-03-15 00:00:00+00:00,0,1.4434307558985893e-05
2023-03-16 00:00:00+00:00,0,1.6083952505141497e-05
2023-03-17 00:00:00+00:00,0,1.7733597451297102e-05
2023-03-18 00:00:00+00:00,0,1.9383242397452707e-05
2023-03-19 00:00:00+00:00,0,2.103288734360831e-05
2023-03-20 00:00:00+00:00,0,2.2682532289763916e-05
2023-03-21 00:00:00+00:00,0,4.259307388565503e-05
2023-03-22 00:00:00+00:00,0,1.7999194824369624e-05
2023-03-23 00:00:00+00:00,0,2.5092944269999865e-05
2023-03-24 00:00:00+00:00,0,2.4439635429492533e-05
2023-03-25 00:00:00+00:00,0,2.37863265889852e-05
2023-03-26 00:00:00+00:00,0,2.3133017748477872e-05
2023-03-27 00:00:00+00:00,0,2.247970890797054e-05
2023-03-28 00:00:00+00:00,0,2.1826400067463208e-05
2023-03-29 00:00:00+00:00,0,2.1173091226955876e-05
2023-03-30 00:00:00+00:00,0,2.0519782386448547e-05
2023-03-31 00:00:00+00:00,0,1.9866473545941215e-05
2023-04-01 00:00:00+00:00,0,1.9213164705433883e-05
2023-04-02 00:00:00+00:00,0,2.147790967553322e-05
2023-04-03 00:00:00+00:00,0,2.3742654645632554e-05
2023-04-04 00:00:00+00:00,0,2.6007399615731887e-05
2023-04-05 00:00:00+00:00,0,2.8272144585831226e-05
2023-04-06 00:00:00+00:00,0,3.053688955593056e-05
2023-04-07 00:00:00+00:00,0,3.280163452602989e-05
2023-04-08 00:00:00+00:00,0,3.506637949612923e-05
2023-04-09 00:00:00+00:00,0,1.4416313206311315e-05
2023-04-10 00:00:00+00:00,0,2.004264752031304e-05
2023-04-11 00:00:00+00:00,0,1.754354889271781e-05
2023-04-12 00:00:00+00:00,0,2.58979998761788e-05
2023-04-13 00:00:00+00:00,0,4.031481269824629e-05
2023-04-14 00:00:00+00:00,0,5.4731625520313784e-05
2023-04-15 00:00:00+00:00,0,6.914843834238127e-05
2023-04-16 00:00:00+00:00,0,1.9168732251273468e-05
2023-04-17 00:00:00+00:00,0,2.9020483149603628e-05
2023-04-18 00:00:00+00:00,0,3.887223404793379e-05
2023-04-19 00:00:00+00:00,0,4.8723984946263954e-05
2023-04-20 00:00:00+00:00,0,3.98592813629269e-05
2023-04-21 00:00:00+00:00,0,3.0994577779589846e-05
2023-04-22 00:00:00+00:00,0,2.2129874196252786e-05
2023-04-23 00:00:00+00:00,0,2.8029331588186324e-05
2023-04-24 00:00:00+00:00,0,3.392878898011986e-05
2023-04-25 00:00:00+00:00,0,3.98282463720534e-05
2023-04-26 00:00:00+00:00,0,3.8339274397003464e-05
2023-04-27 00:00:00+00:00,0,3.685030242195353e-05
2023-04-28 00:00:00+00:00,0,3.5361330446903594e-05
2023-04-29 00:00:00+00:00,0,3.387235847185366e-05
2023-04-30 00:00:00+00:00,0,3.238338649680372e-05
2023-05-01 00:00:00+00:00,0,3.089441452175379e-05
2023-05-02 00:00:00+00:00,0,2.33174032473471e-05
2023-05-03 00:00:00+00:00,0,2.6090389534753438e-05
2023-05-04 00:00:00+00:00,0,2.886337582215977e-05
2023-05-05 00:00:00+00:00,0,3.163636210956611e-05
2023-05-06 00:00:00+00:00,0,3.440934839697244e-05
2023-05-07 00:00:00+00:00,0,3.7182334684378773e-05
2023-05-08 00:00:00+00:00,0,3.995532097178511e-05
2023-05-09 00:00:00+00:00,0,3.511666982376482e-05
2023-05-10 00:00:00+00:00,0,3.0278018675744535e-05
2023-05-11 00:00:00+00:00,0,2.5439367527724242e-05
2023-05-12 00:00:00+00:00,0,2.0600716379703953e-05
2023-05-13 00:00:00+00:00,0,1.5762065231683664e-05
2023-05-14 00:00:00+00:00,0,2.896323894674424e-05
2023-05-15 00:00:00+00:00,0,3.176657628500834e-05
2023-05-16 00:00:00+00:00,0,6.196420144988224e-05
2023-05-17 00:00:00+00:00,0,9.216182661475614e-05
2023-05-18 00:00:00+00:00,0,2.3109085304895416e-05
2023-05-19 00:00:00+00:00,0,2.2410865312849637e-05
2023-05-20 00:00:00+00:00,0,2.171264532080386e-05
2023-05-21 00:00:00+00:00,0,2.101442532875808e-05
2023-05-22 00:00:00+00:00,0,2.03162053367123e-05
2023-05-23 00:00:00+00:00,0,2.2466027076006867e-05
2023-05-24 00:00:00+00:00,0,2.4615848815301433e-05
2023-05-25 00:00:00+00:00,0,2.6765670554596e-05
2023-05-26 00:00:00+00:00,0,9.863826562650502e-06
2023-05-27 00:00:00+00:00,0,3.562984784366563e-05
2023-05-28 00:00:00+00:00,0,3.337336238473654e-05
2023-05-29 00:00:00+00:00,0,3.247552740504034e-05
2023-05-30 00:00:00+00:00,0,2.727088849496795e-05
2023-05-31 00:00:00+00:00,0,2.206624958489556e-05
2023-06-01 00:00:00+00:00,0,2.898094680858776e-05
2023-06-02 00:00:00+00:00,0,3.589564403227996e-05
2023-06-03 00:00:00+00:00,0,4.281034125597216e-05
2023-06-04 00:00:00+00:00,0,3.726838622242212e-05
2023-06-05 00:00:00+00:00,0,3.440013970248401e-05
2023-06-06 00:00:00+00:00,0,3.15318931825459e-05
2023-06-07 00:00:00+00:00,0,2.866364666260779e-05
2023-06-08 00:00:00+00:00,0,2.5795400142669676e-05
2023-06-09 00:00:00+00:00,0,2.2927153622731566e-05
2023-06-10 00:00:00+00:00,0,8.224624616559595e-05
2023-06-11 00:00:00+00:00,0,7.441238189390528e-05
2023-06-12 00:00:00+00:00,0,6.657851762221461e-05
2023-06-13 00:00:00+00:00,0,5.874465335052394e-05
2023-06-14 00:00:00+00:00,0,5.091078907883327e-05
2023-06-15 00:00:00+00:00,0,4.30769248071426e-05
2023-06-16 00:00:00+00:00,0,3.524306053545194e-05
2023-06-17 00:00:00+00:00,0,2.740919626376126e-05
2023-06-18 00:00:00+00:00,0,2.9937290491943713e-05
2023-06-19 00:00:00+00:00,0,3.246538472012617e-05
2023-06-20 00:00:00+00:00,0,4.761277887155302e-05
2023-06-21 00:00:00+00:00,0,7.09965024725534e-05
2023-06-22 00:00:00+00:00,0,5.923807839280926e-05
2023-06-23 00:00:00+00:00,0,4.747965431306511e-05
2023-06-24 00:00:00+00:00,0,3.5721230233320966e-05
2023-06-25 00:00:00+00:00,0,3.539698324554289e-05
2023-06-26 00:00:00+00:00,0,3.5072736257764824e-05
2023-06-27 00:00:00+00:00,0,3.474848926998675e-05
2023-06-28 00:00:00+00:00,0,1.9676748706842773e-05
2023-06-29 00:00:00+00:00,0,3.512906550895423e-05
2023-06-30 00:00:00+00:00,0,2.533884617150761e-05
2023-07-01 00:00:00+00:00,0,2.329750350327231e-05
2023-07-02 00:00:00+00:00,0,4.489502559105556e-05
2023-07-03 00:00:00+00:00,0,6.64925476788388e-05
2023-07-04 00:00:00+00:00,0,8.809006976662204e-05
2023-07-05 00:00:00+00:00,0,2.372477865719702e-05
2023-07-06 00:00:00+00:00,0,3.407267649890855e-05
2023-07-07 00:00:00+00:00,0,2.997756882905378e-05
2023-07-08 00:00:00+00:00,0,2.588246115919901e-05
2023-07-09 00:00:00+00:00,0,2.178735348934424e-05
2023-07-10 00:00:00+00:00,0,1.769224581948947e-05
2023-07-11 00:00:00+00:00,0,4.8421701649203897e-05
2023-07-12 00:00:00+00:00,0,5.204676926950924e-05
2023-07-13 00:00:00+00:00,0,5.351957467307026e-05
2023-07-14 00:00:00+00:00,0,5.4992380076631285e-05
2023-07-15 00:00:00+00:00,0,5.6465185480192304e-05
2023-07-16 00:00:00+00:00,0,4.1265026084147394e-05
2023-07-17 00:00:00+00:00,0,3.513190313242376e-05
2023-07-18 00:00:00+00:00,0,4.018802792415954e-05
2023-07-19 00:00:00+00:00,0,2.2539270503330044e-05
2023-07-20 00:00:00+00:00,0,2.5919127438100983e-05
2023-07-21 00:00:00+00:00,0,5.244915882940404e-05
2023-07-22 00:00:00+00:00,0,2.4249147827504203e-05
2023-07-23 00:00:00+00:00,0,1.93674804904731e-05
2023-07-24 00:00:00+00:00,0,2.4533484975108877e-05
2023-07-25 00:00:00+00:00,0,2.9699489459744655e-05
2023-07-26 00:00:00+00:00,0,3.486549394438043e-05
2023-07-27 00:00:00+00:00,0,3.131978155579418e-05
2023-07-28 00:00:00+00:00,0,2.469934952387121e-05
2023-07-29 00:00:00+00:00,0,2.0470495655899867e-05
2023-07-30 00:00:00+00:00,0,2.103275801346172e-05
2023-07-31 00:00:00+00:00,0,1.307888396695489e-05
2023-08-01 00:00:00+00:00,0,8.595435881867768e-06
2023-08-02 00:00:00+00:00,0,4.111987796780644e-06
2023-08-03 00:00:00+00:00,0,-3.714602883064799e-07
2023-08-04 00:00:00+00:00,0,6.329757979983697e-06
2023-08-05 00:00:00+00:00,0,2.9521106625907123e-05
2023-08-06 00:00:00+00:00,0,1.8771940934432983e-05
2023-08-07 00:00:00+00:00,0,8.02277524295884e-06
2023-08-08 00:00:00+00:00,0,-2.7263904485153034e-06
2023-08-09 00:00:00+00:00,0,1.8278372408531144e-05
2023-08-10 00:00:00+00:00,0,3.928313526557759e-05
2023-08-11 00:00:00+00:00,0,1.5229278687911574e-05
2023-08-12 00:00:00+00:00,0,2.1614827346638776e-05
2023-08-13 00:00:00+00:00,0,1.6223642887780443e-05
2023-08-14 00:00:00+00:00,0,1.083245842892211e-05
2023-08-15 00:00:00+00:00,0,1.5376481314888224e-05
2023-08-16 00:00:00+00:00,0,3.835798634099774e-05
2023-08-17 00:00:00+00:00,0,3.132400524918921e-05
2023-08-18 00:00:00+00:00,0,-6.735865554219345e-06
2023-08-19 00:00:00+00:00,0,-1.2737425549858017e-06
2023-08-20 00:00:00+00:00,0,4.188380444247741e-06
2023-08-21 00:00:00+00:00,0,8.431479500359274e-06
2023-08-22 00:00:00+00:00,0,1.2674578556470806e-05
2023-08-23 00:00:00+00:00,0,1.6917677612582338e-05
2023-08-24 00:00:00+00:00,0,2.116077666869387e-05
2023-08-25 00:00:00+00:00,0,2.1657522665918805e-05
2023-08-26 00:00:00+00:00,0,2.2154268663143742e-05
2023-08-27 00:00:00+00:00,0,2.2651014660368677e-05
2023-08-28 00:00:00+00:00,0,2.7737057280319277e-05
2023-08-29 00:00:00+00:00,0,3.282309990026988e-05
2023-08-30 00:00:00+00:00,0,4.114306193514494e-06
2023-08-31 00:00:00+00:00,0,1.1239674677199218e-05
2023-09-01 00:00:00+00:00,0,1.3462704373523591e-05
2023-09-02 00:00:00+00:00,0,2.1799035494041163e-05
2023-09-03 00:00:00+00:00,0,3.013536661455873e-05
2023-09-04 00:00:00+00:00,0,1.31702527141897e-05
2023-09-05 00:00:00+00:00,0,2.565234899520874e-05
2023-09-06 00:00:00+00:00,0,3.13724231091328e-05
2023-09-07 00:00:00+00:00,0,2.9229277060949247e-05
2023-09-08 00:00:00+00:00,0,2.708613101276569e-05
2023-09-09 00:00:00+00:00,0,1.369368146697525e-05
2023-09-10 00:00:00+00:00,0,1.1539396837179083e-05
2023-09-11 00:00:00+00:00,0,6.37214834569022e-05
2023-09-12 00:00:00+00:00,0,4.048875416629016e-05
2023-09-13 00:00:00+00:00,0,2.8845427095802727e-05
2023-09-14 00:00:00+00:00,0,1.72021000253153e-05
2023-09-15 00:00:00+00:00,0,5.558772954827873e-06
2023-09-16 00:00:00+00:00,0,2.2395870170536607e-05
2023-09-17 00:00:00+00:00,0,3.923296738624534e-05
2023-09-18 00:00:00+00:00,0,5.607006460195407e-05
2023-09-19 00:00:00+00:00,0,3.648938582045957e-05
2023-09-20 00:00:00+00:00,0,4.74701591883786e-05
2023-09-21 00:00:00+00:00,0,1.7091206245822832e-05
2023-09-22 00:00:00+00:00,0,2.5248376914532852e-05
2023-09-23 00:00:00+00:00,0,5.465712456498295e-05
2023-09-24 00:00:00+00:00,0,3.490494782454334e-05
2023-09-25 00:00:00+00:00,0,1.951523699972313e-05
2023-09-26 00:00:00+00:00,0,3.0094985049800016e-05
2023-09-27 00:00:00+00:00,0,5.339408016880043e-05
2023-09-28 00:00:00+00:00,0,2.3204702301882207e-05
2023-09-29 00:00:00+00:00,0,1.988716940104496e-05
2023-09-30 00:00:00+00:00,0,2.755340756266378e-05
2023-10-01 00:00:00+00:00,0,3.772687341552228e-05
2023-10-02 00:00:00+00:00,0,9.805451554711908e-06
2023-10-03 00:00:00+00:00,0,4.171005275566131e-05
2023-10-04 00:00:00+00:00,0,3.2284606883573964e-05
2023-10-05 00:00:00+00:00,0,2.2859161011486624e-05
2023-10-06 00:00:00+00:00,0,1.3433715139399284e-05
2023-10-07 00:00:00+00:00,0,2.0275757075675454e-05
2023-10-08 00:00:00+00:00,0,2.7117799011951625e-05
2023-10-09 00:00:00+00:00,0,3.395984094822779e-05
2023-10-10 00:00:00+00:00,0,4.546609125100076e-05
2023-10-11 00:00:00+00:00,0,3.674181789392605e-05
2023-10-12 00:00:00+00:00,0,2.9124769450087716e-05
2023-10-13 00:00:00+00:00,0,2.1507721006249384e-05
2023-10-14 00:00:00+00:00,0,1.3890672562411057e-05
2023-10-15 00:00:00+00:00,0,1.3215545095590642e-05
2023-10-16 00:00:00+00:00,0,1.2540417628770228e-05
2023-10-17 00:00:00+00:00,0,2.1957133867545053e-05
2023-10-18 00:00:00+00:00,0,2.1732974346377887e-05
2023-10-19 00:00:00+00:00,0,2.559546919655986e-05
2023-10-20 00:00:00+00:00,0,2.7144089472130872e-05
2023-10-21 00:00:00+00:00,0,3.983644273830578e-05
2023-10-22 00:00:00+00:00,0,3.358862886670977e-05
2023-10-23 00:00:00+00:00,0,3.5353534258319996e-05
2023-10-24 00:00:00+00:00,0,3.7118439649930224e-05
2023-10-25 00:00:00+00:00,0,2.7748526918003336e-05
2023-10-26 00:00:00+00:00,0,6.093172123655677e-05
2023-10-27 00:00:00+00:00,0,4.367701694718562e-05
2023-10-28 00:00:00+00:00,0,4.7886493121040985e-05
2023-10-29 00:00:00+00:00,0,5.209596929489635e-05
2023-10-30 00:00:00+00:00,0,5.494183642440476e-05
2023-10-31 00:00:00+00:00,0,4.116372383577982e-05
2023-11-01 00:00:00+00:00,0,2.7385611247154884e-05
2023-11-02 00:00:00+00:00,0,3.887923958245665e-05
2023-11-03 00:00:00+00:00,0,3.352689539800243e-05
2023-11-04 00:00:00+00:00,0,2.8174551213548206e-05
2023-11-05 00:00:00+00:00,0,2.2822207029093988e-05
2023-11-06 00:00:00+00:00,0,5.011460598325357e-05
2023-11-07 00:00:00+00:00,0,5.126087489770725e-05
2023-11-08 00:00:00+00:00,0,5.7780405768426135e-05
2023-11-09 00:00:00+00:00,0,7.545915286755189e-05
2023-11-10 00:00:00+00:00,0,3.577107781893574e-05
2023-11-11 00:00:00+00:00,0,3.7958396205795e-05
2023-11-12 00:00:00+00:00,0,4.014571459265426e-05
2023-11-13 00:00:00+00:00,0,4.833594963808233e-05
2023-11-14 00:00:00+00:00,0,5.652618468351041e-05
2023-11-15 00:00:00+00:00,0,6.471641972893849e-05
2023-11-16 00:00:00+00:00,0,8.65300462464802e-05
2023-11-17 00:00:00+00:00,0,2.113445407303516e-05
2023-11-18 00:00:00+00:00,0,7.204445137176663e-05
2023-11-19 00:00:00+00:00,0,3.846136678475887e-05
2023-11-20 00:00:00+00:00,0,3.693707549246028e-05
2023-11-21 00:00:00+00:00,0,2.985804167110473e-05
2023-11-22 00:00:00+00:00,0,2.2779007849749174e-05
2023-11-23 00:00:00+00:00,0,2.5984256353694942e-05
2023-11-24 00:00:00+00:00,0,2.9189504857640713e-05
2023-11-25 00:00:00+00:00,0,3.239475336158648e-05
2023-11-26 00:00:00+00:00,0,3.560000186553225e-05
2023-11-27 00:00:00+00:00,0,1.7921147446031682e-05
2023-11-28 00:00:00+00:00,0,2.6115482796740253e-05
2023-11-29 00:00:00+00:00,0,3.430981814744882e-05
2023-11-30 00:00:00+00:00,0,3.44441577908583e-05
2023-12-01 00:00:00+00:00,0,3.4578497434267774e-05
2023-12-02 00:00:00+00:00,0,3.471283707767725e-05
2023-12-03 00:00:00+00:00,0,3.4847176721086726e-05
2023-12-04 00:00:00+00:00,0,3.49815163644962e-05
2023-12-05 00:00:00+00:00,0,3.532972914399579e-05
2023-12-06 00:00:00+00:00,0,3.567794192349538e-05
2023-12-07 00:00:00+00:00,0,0.00012722017709165812
2023-12-08 00:00:00+00:00,0,0.00010258429438181338
2023-12-09 00:00:00+00:00,0,7.794841167196864e-05
2023-12-10 00:00:00+00:00,0,5.3312528962123906e-05
2023-12-11 00:00:00+00:00,0,2.867664625227917e-05
2023-12-12 00:00:00+00:00,0,4.986273415852338e-05
2023-12-13 00:00:00+00:00,0,6.022343586664647e-05
2023-12-14 00:00:00+00:00,0,0.00012942185276187956
2023-12-15 00:00:00+00:00,0,8.080110274022445e-05
2023-12-16 00:00:00+00:00,0,3.218035271856934e-05
2023-12-17 00:00:00+00:00,0,3.329358878545463e-05
2023-12-18 00:00:00+00:00,0,0.00017651425150688738
2023-12-19 00:00:00+00:00,0,5.253923518466763e-05
2023-12-20 00:00:00+00:00,0,0.000128110361401923
2023-12-21 00:00:00+00:00,0,1.976321618712973e-05
2023-12-22 00:00:00+00:00,0,3.697516876854934e-05
2023-12-23 00:00:00+00:00,0,3.341176125104539e-05
2023-12-24 00:00:00+00:00,0,3.712615944095887e-05
2023-12-25 00:00:00+00:00,0,4.559045434386159e-05
2023-12-26 00:00:00+00:00,0,5.40547492467643e-05
2023-12-27 00:00:00+00:00,0,6.251904414966702e-05
2023-12-28 00:00:00+00:00,0,5.285396400722675e-05
2023-12-29 00:00:00+00:00,0,4.318888386478648e-05
2023-12-30 00:00:00+00:00,0,2.7633494028123096e-05
2023-12-31 00:00:00+00:00,0,3.15098550345283e-05
2024-01-01 00:00:00+00:00,0,3.248123296846946e-05
2024-01-02 00:00:00+00:00,0,3.345261090241062e-05
2024-01-03 00:00:00+00:00,0,3.442398883635178e-05
2024-01-04 00:00:00+00:00,0,3.5395366770292945e-05
2024-01-05 00:00:00+00:00,0,3.63667447042341e-05
2024-01-06 00:00:00+00:00,0,3.7338122638175264e-05
2024-01-07 00:00:00+00:00,0,3.830950057211643e-05
2024-01-08 00:00:00+00:00,0,3.928087850605758e-05
2024-01-09 00:00:00+00:00,0,4.0252256439998746e-05
2024-01-10 00:00:00+00:00,0,2.655598837009165e-05
2024-01-11 00:00:00+00:00,0,7.419070243486203e-06
2024-01-12 00:00:00+00:00,0,4.273863305570558e-05
2024-01-13 00:00:00+00:00,0,3.5242635931354016e-05
2024-01-14 00:00:00+00:00,0,5.423919719760306e-05
2024-01-15 00:00:00+00:00,0,6.118343480920885e-05
2024-01-16 00:00:00+00:00,0,6.812767242081463e-05
2024-01-17 00:00:00+00:00,0,6.367434232540998e-05
2024-01-18 00:00:00+00:00,0,5.922101223000532e-05
2024-01-19 00:00:00+00:00,0,5.476768213460067e-05
2024-01-20 00:00:00+00:00,0,5.031435203919601e-05
2024-01-21 00:00:00+00:00,0,4.5861021943791355e-05
2024-01-22 00:00:00+00:00,0,4.1407691848386704e-05
2024-01-23 00:00:00+00:00,0,3.695436175298205e-05
2024-01-24 00:00:00+00:00,0,3.250103165757739e-05
2024-01-25 00:00:00+00:00,0,2.8047701562172733e-05
2024-01-26 00:00:00+00:00,0,1.36391772684874e-05
2024-01-27 00:00:00+00:00,0,1.479544213604337e-05
2024-01-28 00:00:00+00:00,0,1.5951707003599342e-05
2024-01-29 00:00:00+00:00,0,1.7107971871155314e-05
2024-01-30 00:00:00+00:00,0,1.8264236738711283e-05
2024-01-31 00:00:00+00:00,0,1.9420501606267255e-05
2024-02-01 00:00:00+00:00,0,2.0576766473823227e-05
2024-02-02 00:00:00+00:00,0,2.1454353191074916e-05
2024-02-03 00:00:00+00:00,0,2.2331939908326605e-05
2024-02-04 00:00:00+00:00,0,2.320952662557829e-05
2024-02-05 00:00:00+00:00,0,2.408711334282998e-05
2024-02-06 00:00:00+00:00,0,2.4964700060081668e-05
2024-02-07 00:00:00+00:00,0,2.197635330958292e-05
2024-02-08 00:00:00+00:00,0,1.898800655908417e-05
2024-02-09 00:00:00+00:00,0,1.8840951270249207e-05
2024-02-10 00:00:00+00:00,0,1.8693895981414244e-05
2024-02-11 00:00:00+00:00,0,1.8546840692579284e-05
2024-02-12 00:00:00+00:00,0,1.839978540374432e-05
2024-02-13 00:00:00+00:00,0,5.666572542395443e-05
2024-02-14 00:00:00+00:00,0,4.176077709416859e-05
2024-02-15 00:00:00+00:00,0,2.685582876438275e-05
2024-02-16 00:00:00+00:00,0,1.1471938705653884e-05
2024-02-17 00:00:00+00:00,0,1.6488813950369757e-05
2024-02-18 00:00:00+00:00,0,2.150568919508563e-05
2024-02-19 00:00:00+00:00,0,2.65225644398015e-05
2024-02-20 00:00:00+00:00,0,2.8702621420961805e-05
2024-02-21 00:00:00+00:00,0,3.331350308144465e-05
2024-02-22 00:00:00+00:00,0,1.6898113244678825e-05
2024-02-23 00:00:00+00:00,0,2.1604695575661026e-05
2024-02-24 00:00:00+00:00,0,2.6311277906643227e-05
2024-02-25 00:00:00+00:00,0,3.101786023762543e-05
2024-02-26 00:00:00+00:00,0,3.572444256860763e-05
2024-02-27 00:00:00+00:00,0,3.303425801277626e-05
2024-02-28 00:00:00+00:00,0,3.0344073456944896e-05
2024-02-29 00:00:00+00:00,0,2.765388890111353e-05
2024-03-01 00:00:00+00:00,0,2.4963704345282163e-05
2024-03-02 00:00:00+00:00,0,2.22735197894508e-05
2024-03-03 00:00:00+00:00,0,2.498148023732938e-05
2024-03-04 00:00:00+00:00,0,2.489429243723862e-05
2024-03-05 00:00:00+00:00,0,2.480710463714786e-05
2024-03-06 00:00:00+00:00,0,2.47199168370571e-05
2024-03-07 00:00:00+00:00,0,1.8562761852081167e-05
2024-03-08 00:00:00+00:00,0,1.2405606867105234e-05
2024-03-09 00:00:00+00:00,0,1.2716875153273577e-05
2024-03-10 00:00:00+00:00,0,1.3028143439441919e-05
2024-03-11 00:00:00+00:00,0,1.3339411725610262e-05
2024-03-12 00:00:00+00:00,0,1.3650680011778605e-05
2024-03-13 00:00:00+00:00,0,1.3961948297946947e-05
2024-03-14 00:00:00+00:00,0,1.4273216584115289e-05
2024-03-15 00:00:00+00:00,0,1.4584484870283631e-05
2024-03-16 00:00:00+00:00,0,1.4895753156451975e-05
2024-03-17 00:00:00+00:00,0,1.5207021442620317e-05
2024-03-18 00:00:00+00:00,0,1.551828972878866e-05
2024-03-19 00:00:00+00:00,0,1.476895522500854e-05
2024-03-20 00:00:00+00:00,0,3.147370807710104e-05
2024-03-21 00:00:00+00:00,0,1.884821176645346e-05
2024-03-22 00:00:00+00:00,0,2.3816215010204662e-05
2024-03-23 00:00:00+00:00,0,2.8784218253955864e-05
2024-03-24 00:00:00+00:00,0,3.375222149770707e-05
2024-03-25 00:00:00+00:00,0,3.872022474145827e-05
2024-03-26 00:00:00+00:00,0,4.368822798520947e-05
2024-03-27 00:00:00+00:00,0,4.865623122896068e-05
2024-03-28 00:00:00+00:00,0,3.277729410910979e-05
2024-03-29 00:00:00+00:00,0,2.320395833521616e-05
2024-03-30 00:00:00+00:00,0,2.595935711724451e-05
2024-03-31 00:00:00+00:00,0,2.8714755899272862e-05
2024-04-01 00:00:00+00:00,0,3.147015468130121e-05
2024-04-02 00:00:00+00:00,0,3.422555346332956e-05
2024-04-03 00:00:00+00:00,0,3.698095224535791e-05
2024-04-04 00:00:00+00:00,0,3.973635102738626e-05
2024-04-05 00:00:00+00:00,0,3.571754859876819e-05
2024-04-06 00:00:00+00:00,0,3.1698746170150116e-05
2024-04-07 00:00:00+00:00,0,2.7679943741532043e-05
2024-04-08 00:00:00+00:00,0,2.629969640111085e-05
2024-04-09 00:00:00+00:00,0,2.4919449060689658e-05
2024-04-10 00:00:00+00:00,0,2.3539201720268466e-05
2024-04-11 00:00:00+00:00,0,2.2158954379847273e-05
2024-04-12 00:00:00+00:00,0,2.077870703942608e-05
2024-04-13 00:00:00+00:00,0,1.939845969900489e-05
2024-04-14 00:00:00+00:00,0,1.8018212358583696e-05
2024-04-15 00:00:00+00:00,0,1.6637965018162504e-05
2024-04-16 00:00:00+00:00,0,1.5257717677741313e-05
2024-04-17 00:00:00+00:00,0,1.387747033732012e-05
2024-04-18 00:00:00+00:00,0,1.2497222996898928e-05
2024-04-19 00:00:00+00:00,0,1.2461929941309792e-05
2024-04-20 00:00:00+00:00,0,1.2426636885720654e-05
2024-04-21 00:00:00+00:00,0,1.2391343830131518e-05
2024-04-22 00:00:00+00:00,0,1.2356050774542382e-05
2024-04-23 00:00:00+00:00,0,1.2320757718953246e-05
2024-04-24 00:00:00+00:00,0,1.228546466336411e-05
2024-04-25 00:00:00+00:00,0,1.2250171607774972e-05
2024-04-26 00:00:00+00:00,0,1.2214878552185835e-05
2024-04-27 00:00:00+00:00,0,1.7178024271353415e-05
2024-04-28 00:00:00+00:00,0,2.2141169990520992e-05
2024-04-29 00:00:00+00:00,0,2.7104315709688573e-05
2024-04-30 00:00:00+00:00,0,3.2067461428856146e-05
2024-05-01 00:00:00+00:00,0,3.703060714802373e-05
2024-05-02 00:00:00+00:00,0,4.199375286719131e-05
2024-05-03 00:00:00+00:00,0,4.695689858635888e-05
2024-05-04 00:00:00+00:00,0,3.808186284004478e-05
2024-05-05 00:00:00+00:00,0,2.920682709373068e-05
2024-05-06 00:00:00+00:00,0,2.786298500723205e-05
2024-05-07 00:00:00+00:00,0,1.908373633341398e-05
2024-05-08 00:00:00+00:00,0,1.8511993857828202e-05
2024-05-09 00:00:00+00:00,0,1.7940251382242423e-05
2024-05-10 00:00:00+00:00,0,1.7368508906656643e-05
2024-05-11 00:00:00+00:00,0,1.6796766431070864e-05
2024-05-12 00:00:00+00:00,0,2.2072430874686687e-05
2024-05-13 00:00:00+00:00,0,2.7348095318302513e-05
2024-05-14 00:00:00+00:00,0,3.262375976191834e-05
2024-05-15 00:00:00+00:00,0,3.789942420553416e-05
2024-05-16 00:00:00+00:00,0,4.3175088649149984e-05
2024-05-17 00:00:00+00:00,0,2.6282489670848008e-05
2024-05-18 00:00:00+00:00,0,9.389890692546032e-06
2024-05-19 00:00:00+00:00,0,1.271334167540772e-05
2024-05-20 00:00:00+00:00,0,1.22538452463535e-05
2024-05-21 00:00:00+00:00,0,1.1794348817299276e-05
2024-05-22 00:00:00+00:00,0,1.1334852388245054e-05
2024-05-23 00:00:00+00:00,0,1.0875355959190832e-05
2024-05-24 00:00:00+00:00,0,1.0415859530136611e-05
2024-05-25 00:00:00+00:00,0,9.956363101082388e-06
2024-05-26 00:00:00+00:00,0,1.096465621230891e-05
2024-05-27 00:00:00+00:00,0,1.1588799907258363e-05
2024-05-28 00:00:00+00:00,0,1.2212943602207815e-05
2024-05-29 00:00:00+00:00,0,1.2837087297157268e-05
2024-05-30 00:00:00+00:00,0,1.346123099210672e-05
2024-05-31 00:00:00+00:00,0,2.4017243049456738e-05
2024-06-01 00:00:00+00:00,0,3.4573255106806755e-05
2024-06-02 00:00:00+00:00,0,4.512926716415677e-05
2024-06-03 00:00:00+00:00,0,5.568527922150679e-05
2024-06-04 00:00:00+00:00,0,4.8154786782106385e-05
2024-06-05 00:00:00+00:00,0,4.062429434270598e-05
2024-06-06 00:00:00+00:00,0,3.2674395091210805e-05
2024-06-07 00:00:00+00:00,0,2.4724495839715626e-05
2024-06-08 00:00:00+00:00,0,1.6774596588220447e-05
2024-06-09 00:00:00+00:00,0,1.9009768948308192e-05
2024-06-10 00:00:00+00:00,0,2.1244941308395937e-05
2024-06-11 00:00:00+00:00,0,2.3480113668483682e-05
2024-06-12 00:00:00+00:00,0,2.5715286028571427e-05
2024-06-13 00:00:00+00:00,0,1.5416248061228544e-05
2024-06-14 00:00:00+00:00,0,1.629047874303069e-05
2024-06-15 00:00:00+00:00,0,1.7164709424832837e-05
2024-06-16 00:00:00+00:00,0,1.8038940106634984e-05
2024-06-17 00:00:00+00:00,0,1.891317078843713e-05
2024-06-18 00:00:00+00:00,0,1.9787401470239278e-05
2024-06-19 00:00:00+00:00,0,2.176430461986456e-05
2024-06-20 00:00:00+00:00,0,2.8343671147013083e-05
2024-06-21 00:00:00+00:00,0,3.098759407293983e-05
2024-06-22 00:00:00+00:00,0,2.193605268985266e-05
2024-06-23 00:00:00+00:00,0,1.288451130676549e-05
2024-06-24 00:00:00+00:00,0,1.2949149246802943e-05
2024-06-25 00:00:00+00:00,0,1.3013787186840394e-05
2024-06-26 00:00:00+00:00,0,1.3078425126877846e-05
2024-06-27 00:00:00+00:00,0,1.31430630669153e-05
2024-06-28 00:00:00+00:00,0,1.3207701006952753e-05
2024-06-29 00:00:00+00:00,0,1.3272338946990205e-05
2024-06-30 00:00:00+00:00,0,2.342815241718199e-05
2024-07-01 00:00:00+00:00,0,2.4025199309107848e-05
2024-07-02 00:00:00+00:00,0,2.4622246201033704e-05
2024-07-03 00:00:00+00:00,0,2.521929309295956e-05
2024-07-04 00:00:00+00:00,0,2.5816339984885414e-05
2024-07-05 00:00:00+00:00,0,2.641338687681127e-05
2024-07-06 00:00:00+00:00,0,2.7010433768737126e-05
2024-07-07 00:00:00+00:00,0,2.7607480660662983e-05
2024-07-08 00:00:00+00:00,0,1.0987138921336737e-05
2024-07-09 00:00:00+00:00,0,4.396936856210232e-05
2024-07-10 00:00:00+00:00,0,3.447988456173334e-05
2024-07-11 00:00:00+00:00,0,2.4990400561364368e-05
2024-07-12 00:00:00+00:00,0,2.7590433091972955e-05
2024-07-13 00:00:00+00:00,0,3.220073631382547e-05
2024-07-14 00:00:00+00:00,0,3.7589252315228805e-05
2024-07-15 00:00:00+00:00,0,2.150255022570491e-05
2024-07-16 00:00:00+00:00,0,3.7451562093338e-05
2024-07-17 00:00:00+00:00,0,1.6520525605301373e-05
2024-07-18 00:00:00+00:00,0,5.795866400148952e-06
2024-07-19 00:00:00+00:00,0,3.8785186916356906e-05
2024-07-20 00:00:00+00:00,0,2.5150230158033082e-05
2024-07-21 00:00:00+00:00,0,1.1515273399709258e-05
2024-07-22 00:00:00+00:00,0,2.750436215137597e-05
2024-07-23 00:00:00+00:00,0,2.8435964850359596e-05
2024-07-24 00:00:00+00:00,0,2.936756754934322e-05
2024-07-25 00:00:00+00:00,0,3.4998112823814154e-05
2024-07-26 00:00:00+00:00,0,8.948702088673599e-06
2024-07-27 00:00:00+00:00,0,2.0578006115101743e-05
2024-07-28 00:00:00+00:00,0,3.220731014152989e-05
2024-07-29 00:00:00+00:00,0,2.4880055207177065e-05
2024-07-30 00:00:00+00:00,0,1.8863343939301558e-05
2024-07-31 00:00:00+00:00,0,1.284663267142605e-05
2024-08-01 00:00:00+00:00,0,1.2485534777321542e-05
2024-08-02 00:00:00+00:00,0,1.2124436883217035e-05
2024-08-03 00:00:00+00:00,0,1.1763338989112526e-05
2024-08-04 00:00:00+00:00,0,1.6652127669658512e-05
2024-08-05 00:00:00+00:00,0,2.1287261915858835e-05
2024-08-06 00:00:00+00:00,0,2.984912680403795e-05
2024-08-07 00:00:00+00:00,0,2.0856283754255855e-05
2024-08-08 00:00:00+00:00,0,1.186344070447376e-05
2024-08-09 00:00:00+00:00,0,9.666901405580575e-06
2024-08-10 00:00:00+00:00,0,7.470362106687389e-06
2024-08-11 00:00:00+00:00,0,1.833020845272889e-05
2024-08-12 00:00:00+00:00,0,2.919005479877039e-05
2024-08-13 00:00:00+00:00,0,4.004990114481189e-05
2024-08-14 00:00:00+00:00,0,2.2164014808367934e-05
2024-08-15 00:00:00+00:00,0,2.224749914603308e-05
2024-08-16 00:00:00+00:00,0,1.9465653167571872e-05
2024-08-17 00:00:00+00:00,0,2.084686275338754e-05
2024-08-18 00:00:00+00:00,0,2.936164128186647e-05
2024-08-19 00:00:00+00:00,0,4.66805649921298e-05
2024-08-20 00:00:00+00:00,0,2.404891529295128e-05
2024-08-21 00:00:00+00:00,0,1.5304731277865358e-05
2024-08-22 00:00:00+00:00,0,9.590447007212788e-05
2024-08-23 00:00:00+00:00,0,6.438671698560938e-05
2024-08-24 00:00:00+00:00,0,2.9672753953491338e-05
2024-08-25 00:00:00+00:00,0,2.903014228650136e-05
2024-08-26 00:00:00+00:00,0,2.838753061951138e-05
2024-08-27 00:00:00+00:00,0,3.09886563627515e-05
2024-08-28 00:00:00+00:00,0,2.825770843628561e-05
2024-08-29 00:00:00+00:00,0,2.5526760509819724e-05
2024-08-30 00:00:00+00:00,0,2.1012334400438704e-05
2024-08-31 00:00:00+00:00,0,2.5372275558765978e-05
2024-09-01 00:00:00+00:00,0,2.1434578229673207e-05
2024-09-02 00:00:00+00:00,0,5.4478514357469976e-05
2024-09-03 00:00:00+00:00,0,4.135430178090852e-05
2024-09-04 00:00:00+00:00,0,2.823008920434707e-05
2024-09-05 00:00:00+00:00,0,1.510587662778562e-05
2024-09-06 00:00:00+00:00,0,2.1846399249625392e-05
2024-09-07 00:00:00+00:00,0,7.076875590428244e-06
2024-09-08 00:00:00+00:00,0,2.2585423266718863e-05
2024-09-09 00:00:00+00:00,0,3.809397094300948e-05
2024-09-10 00:00:00+00:00,0,3.9031348933349364e-05
2024-09-11 00:00:00+00:00,0,3.9968726923689246e-05
2024-09-12 00:00:00+00:00,0,3.264254337409511e-05
2024-09-13 00:00:00+00:00,0,-9.471375051361974e-06
2024-09-14 00:00:00+00:00,0,2.887383743654937e-05
2024-09-15 00:00:00+00:00,0,3.788213871303015e-05
2024-09-16 00:00:00+00:00,0,2.8013634619128428e-05
2024-09-17 00:00:00+00:00,0,1.8145130525226705e-05
2024-09-18 00:00:00+00:00,0,3.4105807571904734e-05
2024-09-19 00:00:00+00:00,0,9.692757885204628e-05
2024-09-20 00:00:00+00:00,0,2.348420093767345e-05
2024-09-21 00:00:00+00:00,0,1.7868078430183232e-05
2024-09-22 00:00:00+00:00,0,2.2317495070941124e-05
2024-09-23 00:00:00+00:00,0,2.6766911711699017e-05
2024-09-24 00:00:00+00:00,0,3.121632835245691e-05
2024-09-25 00:00:00+00:00,0,4.500530849327333e-05
2024-09-26 00:00:00+00:00,0,6.609952833969146e-05
2024-09-27 00:00:00+00:00,0,4.995309791411273e-05
2024-09-28 00:00:00+00:00,0,5.082495044916868e-05
2024-09-29 00:00:00+00:00,0,5.169680298422463e-05
2024-09-30 00:00:00+00:00,0,5.256865551928058e-05
2024-10-01 00:00:00+00:00,0,5.344050805433653e-05
2024-10-02 00:00:00+00:00,0,4.9104585871516194e-05
2024-10-03 00:00:00+00:00,0,4.4768663688695855e-05
2024-10-04 00:00:00+00:00,0,4.043274150587552e-05
2024-10-05 00:00:00+00:00,0,3.6096819323055176e-05
2024-10-06 00:00:00+00:00,0,3.1760897140234844e-05
2024-10-07 00:00:00+00:00,0,2.7424974957414505e-05
2024-10-08 00:00:00+00:00,0,2.3089052774594165e-05
2024-10-09 00:00:00+00:00,0,2.370014954067301e-05
2024-10-10 00:00:00+00:00,0,2.431124630675185e-05
2024-10-11 00:00:00+00:00,0,2.890794833850426e-05
2024-10-12 00:00:00+00:00,0,3.350465037025666e-05
2024-10-13 00:00:00+00:00,0,3.810135240200907e-05
2024-10-14 00:00:00+00:00,0,4.176206130068749e-05
2024-10-15 00:00:00+00:00,0,1.9086635802523236e-05
2024-10-16 00:00:00+00:00,0,4.08909581892658e-05
2024-10-17 00:00:00+00:00,0,5.613065877696499e-05
2024-10-18 00:00:00+00:00,0,2.4662520445417613e-05
2024-10-19 00:00:00+00:00,0,2.497471032256726e-05
2024-10-20 00:00:00+00:00,0,2.528690019971691e-05
2024-10-21 00:00:00+00:00,0,2.559909007686656e-05
2024-10-22 00:00:00+00:00,0,2.591127995401621e-05
2024-10-23 00:00:00+00:00,0,2.6223469831165858e-05
2024-10-24 00:00:00+00:00,0,4.012650879303692e-05
2024-10-25 00:00:00+00:00,0,5.402954775490798e-05
2024-10-26 00:00:00+00:00,0,2.203255280619487e-05
2024-10-27 00:00:00+00:00,0,3.890772131853737e-05
2024-10-28 00:00:00+00:00,0,4.646086381399073e-05
2024-10-29 00:00:00+00:00,0,2.6188881747657437e-05
2024-10-30 00:00:00+00:00,0,3.263473081460688e-05
2024-10-31 00:00:00+00:00,0,3.908057988155633e-05
2024-11-01 00:00:00+00:00,0,2.1465922372954083e-05
2024-11-02 00:00:00+00:00,0,3.851264864351833e-06
2024-11-03 00:00:00+00:00,0,1.163900196843315e-05
2024-11-04 00:00:00+00:00,0,1.9426739072514465e-05
2024-11-05 00:00:00+00:00,0,2.721447617659578e-05
2024-11-06 00:00:00+00:00,0,3.50022132806771e-05
2024-11-07 00:00:00+00:00,0,4.278995038475841e-05
2024-11-08 00:00:00+00:00,0,4.212618422081085e-05
2024-11-09 00:00:00+00:00,0,4.146241805686329e-05
2024-11-10 00:00:00+00:00,0,4.0798651892915725e-05
2024-11-11 00:00:00+00:00,0,4.013488572896816e-05
2024-11-12 00:00:00+00:00,0,3.9471119565020606e-05
2024-11-13 00:00:00+00:00,0,3.8807353401073037e-05
2024-11-14 00:00:00+00:00,0,3.814358723712548e-05
2024-11-15 00:00:00+00:00,0,3.747982107317792e-05
2024-11-16 00:00:00+00:00,0,3.6816054909230355e-05
2024-11-17 00:00:00+00:00,0,3.615228874528279e-05
2024-11-18 00:00:00+00:00,0,3.548852258133523e-05
2024-11-19 00:00:00+00:00,0,3.482475641738767e-05
2024-11-20 00:00:00+00:00,0,3.4160990253440104e-05
2024-11-21 00:00:00+00:00,0,3.349722408949254e-05
2024-11-22 00:00:00+00:00,0,3.283345792554498e-05
2024-11-23 00:00:00+00:00,0,3.216969176159742e-05
2024-11-24 00:00:00+00:00,0,3.1505925597649854e-05
2024-11-25 00:00:00+00:00,0,3.08421594337023e-05
2024-11-26 00:00:00+00:00,0,3.0178393269754735e-05
2024-11-27 00:00:00+00:00,0,2.9514627105807172e-05
2024-11-28 00:00:00+00:00,0,2.885086094185961e-05
2024-11-29 00:00:00+00:00,0,2.8187094777912047e-05
2024-11-30 00:00:00+00:00,0,2.7523328613964484e-05
2024-12-01 00:00:00+00:00,0,2.685956245001692e-05
2024-12-02 00:00:00+00:00,0,2.6195796286069362e-05
2024-12-03 00:00:00+00:00,0,2.55320301221218e-05
2024-12-04 00:00:00+00:00,0,2.4891965949791487e-05
2024-12-05 00:00:00+00:00,0,2.4251901777461175e-05
2024-12-06 00:00:00+00:00,0,2.3611837605130862e-05
2024-12-07 00:00:00+00:00,0,2.297177343280055e-05
2024-12-08 00:00:00+00:00,0,2.2331709260470234e-05
2024-12-09 00:00:00+00:00,0,2.169164508813992e-05
2024-12-10 00:00:00+00:00,0,2.105158091580961e-05
2024-12-11 00:00:00+00:00,0,2.0411516743479297e-05
2024-12-12 00:00:00+00:00,0,1.9771452571148984e-05
2024-12-13 00:00:00+00:00,0,1.9131388398818672e-05
2024-12-14 00:00:00+00:00,0,2.1972879039822146e-05
2024-12-15 00:00:00+00:00,0,2.481436968082562e-05
2024-12-16 00:00:00+00:00,0,2.7655860321829095e-05
2024-12-17 00:00:00+00:00,0,3.049735096283257e-05
2024-12-18 00:00:00+00:00,0,3.3338841603836045e-05
2024-12-19 00:00:00+00:00,0,2.436032264085952e-05
2024-12-20 00:00:00+00:00,0,2.262022553622955e-05
2024-12-21 00:00:00+00:00,0,2.0880128431599587e-05
2024-12-22 00:00:00+00:00,0,1.914003132696962e-05
2024-12-23 00:00:00+00:00,0,1.7399934222339652e-05
2024-12-24 00:00:00+00:00,0,2.0270731814283256e-05
2024-12-25 00:00:00+00:00,0,2.3141529406226862e-05
2024-12-26 00:00:00+00:00,0,2.6012326998170465e-05
2024-12-27 00:00:00+00:00,0,2.7333823406176332e-05
2024-12-28 00:00:00+00:00,0,2.8655319814182196e-05
2024-12-29 00:00:00+00:00,0,2.9976816222188063e-05
2024-12-30 00:00:00+00:00,0,1.169918050436536e-05
2024-12-31 00:00:00+00:00,0,1.6921788983381703e-05
2025-01-01 00:00:00+00:00,0,2.2144397462398047e-05
2025-01-02 00:00:00+00:00,0,2.736700594141439e-05
2025-01-03 00:00:00+00:00,0,3.2589614420430735e-05
2025-01-04 00:00:00+00:00,0,3.068200688479313e-05
2025-01-05 00:00:00+00:00,0,2.8774399349155526e-05
2025-01-06 00:00:00+00:00,0,2.686679181351792e-05
2025-01-07 00:00:00+00:00,0,2.259979919472244e-05
2025-01-08 00:00:00+00:00,0,2.4651304556755352e-05
2025-01-09 00:00:00+00:00,0,2.6702809918788265e-05
2025-01-10 00:00:00+00:00,0,2.9792746317980345e-05
2025-01-11 00:00:00+00:00,0,3.288268271717243e-05
2025-01-12 00:00:00+00:00,0,3.340640172869566e-05
2025-01-13 00:00:00+00:00,0,3.3930120740218884e-05
2025-01-14 00:00:00+00:00,0,3.445383975174211e-05
2025-01-15 00:00:00+00:00,0,3.4977558763265347e-05
2025-01-16 00:00:00+00:00,0,3.5501277774788574e-05
2025-01-17 00:00:00+00:00,0,3.60249967863118e-05
2025-01-18 00:00:00+00:00,0,3.654871579783503e-05
2025-01-19 00:00:00+00:00,0,3.707243480935826e-05
2025-01-20 00:00:00+00:00,0,3.7596153820881485e-05
2025-01-21 00:00:00+00:00,0,3.811987283240471e-05
2025-01-22 00:00:00+00:00,0,3.864359184392794e-05
2025-01-23 00:00:00+00:00,0,3.9167310855451175e-05
2025-01-24 00:00:00+00:00,0,3.96910298669744e-05
2025-01-25 00:00:00+00:00,0,4.021474887849763e-05
2025-01-26 00:00:00+00:00,0,3.8594716746350365e-05
2025-01-27 00:00:00+00:00,0,3.697468461420309e-05
2025-01-28 00:00:00+00:00,0,3.5354652482055826e-05
2025-01-29 00:00:00+00:00,0,3.373462034990856e-05
2025-01-30 00:00:00+00:00,0,3.211458821776129e-05
2025-01-31 00:00:00+00:00,0,3.0494556085614022e-05
2025-02-01 00:00:00+00:00,0,2.8874523953466753e-05
2025-02-02 00:00:00+00:00,0,2.7254491821319483e-05
2025-02-03 00:00:00+00:00,0,2.5634459689172218e-05
2025-02-04 00:00:00+00:00,0,2.401442755702495e-05
2025-02-05 00:00:00+00:00,0,2.239439542487768e-05
2025-02-06 00:00:00+00:00,0,2.0774363292730413e-05
2025-02-07 00:00:00+00:00,0,1.9469667677185498e-05
2025-02-08 00:00:00+00:00,0,1.8164972061640583e-05
2025-02-09 00:00:00+00:00,0,2.6561373942968203e-05
2025-02-10 00:00:00+00:00,0,3.495777582429582e-05
2025-02-11 00:00:00+00:00,0,4.335417770562344e-05
2025-02-12 00:00:00+00:00,0,5.175057958695106e-05
2025-02-13 00:00:00+00:00,0,2.5712975912028924e-05
2025-02-14 00:00:00+00:00,0,2.360143480473198e-05
2025-02-15 00:00:00+00:00,0,2.148989369743504e-05
2025-02-16 00:00:00+00:00,0,3.2549021852901205e-05
2025-02-17 00:00:00+00:00,0,2.9428943889797665e-05
2025-02-18 00:00:00+00:00,0,2.6308865926694125e-05
2025-02-19 00:00:00+00:00,0,2.3188787963590585e-05
2025-02-20 00:00:00+00:00,0,2.270516415592283e-05
2025-02-21 00:00:00+00:00,0,2.2221540348255076e-05
2025-02-22 00:00:00+00:00,0,2.173791654058732e-05
2025-02-23 00:00:00+00:00,0,2.1254292732919566e-05
2025-02-24 00:00:00+00:00,0,2.0770668925251812e-05
2025-02-25 00:00:00+00:00,0,2.0287045117584057e-05
2025-02-26 00:00:00+00:00,0,3.648337709212986e-05
2025-02-27 00:00:00+00:00,0,5.267970906667566e-05
2025-02-28 00:00:00+00:00,0,6.887604104122147e-05
2025-03-01 00:00:00+00:00,0,2.278421379742213e-05
2025-03-02 00:00:00+00:00,0,2.715448681556154e-05
2025-03-03 00:00:00+00:00,0,3.1524759833700955e-05
2025-03-04 00:00:00+00:00,0,3.858421405311674e-05
2025-03-05 00:00:00+00:00,0,3.3158716356800664e-05
2025-03-06 00:00:00+00:00,0,2.7733218660484583e-05
2025-03-07 00:00:00+00:00,0,2.2307720964168508e-05
2025-03-08 00:00:00+00:00,0,1.688222326785243e-05
2025-03-09 00:00:00+00:00,0,1.1456725571536352e-05
2025-03-10 00:00:00+00:00,0,6.031227875220277e-06
2025-03-11 00:00:00+00:00,0,6.057301789041958e-07
2025-03-12 00:00:00+00:00,0,6.364080491039204e-06
2025-03-13 00:00:00+00:00,0,1.053947279514331e-05
2025-03-14 00:00:00+00:00,0,1.4714865099247418e-05
2025-03-15 00:00:00+00:00,0,1.8890257403351523e-05
2025-03-16 00:00:00+00:00,0,2.3065649707455628e-05
2025-03-17 00:00:00+00:00,0,2.7241042011559734e-05
2025-03-18 00:00:00+00:00,0,3.141643431566384e-05
2025-03-19 00:00:00+00:00,0,3.559182661976795e-05
2025-03-20 00:00:00+00:00,0,3.976721892387205e-05
2025-03-21 00:00:00+00:00,0,4.394261122797616e-05
2025-03-22 00:00:00+00:00,0,4.036403424834134e-05
2025-03-23 00:00:00+00:00,0,3.678545726870652e-05
2025-03-24 00:00:00+00:00,0,3.3206880289071705e-05
2025-03-25 00:00:00+00:00,0,2.9628303309436888e-05
2025-03-26 00:00:00+00:00,0,1.059828446159372e-05
2025-03-27 00:00:00+00:00,0,1.853534013207536e-05
2025-03-28 00:00:00+00:00,0,1.8045504839392378e-05
2025-03-29 00:00:00+00:00,0,1.7555669546709393e-05
2025-03-30 00:00:00+00:00,0,1.7065834254026412e-05
2025-03-31 00:00:00+00:00,0,1.6575998961343428e-05
2025-04-01 00:00:00+00:00,0,1.6086163668660447e-05
2025-04-02 00:00:00+00:00,0,1.920183058246039e-05
2025-04-03 00:00:00+00:00,0,2.231749749626033e-05
2025-04-04 00:00:00+00:00,0,2.543316441006027e-05
2025-04-05 00:00:00+00:00,0,2.8548831323860213e-05
2025-04-06 00:00:00+00:00,0,3.1664498237660155e-05
2025-04-07 00:00:00+00:00,0,3.173601294292894e-05
2025-04-08 00:00:00+00:00,0,3.180752764819772e-05
2025-04-09 00:00:00+00:00,0,3.18790423534665e-05
2025-04-10 00:00:00+00:00,0,3.1950557058735285e-05
2025-04-11 00:00:00+00:00,0,3.202207176400407e-05
2025-04-12 00:00:00+00:00,0,3.209358646927285e-05
2025-04-13 00:00:00+00:00,0,3.216510117454163e-05
2025-04-14 00:00:00+00:00,0,3.2236615879810415e-05
2025-04-15 00:00:00+00:00,0,3.2308130585079205e-05
2025-04-16 00:00:00+00:00,0,3.237964529034799e-05
2025-04-17 00:00:00+00:00,0,3.245115999561677e-05
2025-04-18 00:00:00+00:00,0,3.252267470088555e-05
2025-04-19 00:00:00+00:00,0,3.2594189406154335e-05
2025-04-20 00:00:00+00:00,0,3.266570411142312e-05
2025-04-21 00:00:00+00:00,0,3.27372188166919e-05
2025-04-22 00:00:00+00:00,0,3.280873352196068e-05
2025-04-23 00:00:00+00:00,0,4.290626384317875e-05
2025-04-24 00:00:00+00:00,0,5.059465668940296e-05
2025-04-25 00:00:00+00:00,0,5.828304953562717e-05
2025-04-26 00:00:00+00:00,0,6.597144238185138e-05
2025-04-27 00:00:00+00:00,0,3.918134098057635e-05
2025-04-28 00:00:00+00:00,0,8.365717803826556e-06
2025-04-29 00:00:00+00:00,0,4.3506464862730354e-05
2025-04-30 00:00:00+00:00,0,3.629429556895048e-05
2025-05-01 00:00:00+00:00,0,2.5139011995634064e-05
2025-05-02 00:00:00+00:00,0,2.647610057869719e-05
2025-05-03 00:00:00+00:00,0,2.7813189161760318e-05
2025-05-04 00:00:00+00:00,0,2.9150277744823448e-05
2025-05-05 00:00:00+00:00,0,3.048736632788657e-05
2025-05-06 00:00:00+00:00,0,3.18244549109497e-05
2025-05-07 00:00:00+00:00,0,3.316154349401283e-05
2025-05-08 00:00:00+00:00,0,3.4498632077075956e-05
2025-05-09 00:00:00+00:00,0,3.583572066013908e-05
2025-05-10 00:00:00+00:00,0,3.717280924320221e-05
2025-05-11 00:00:00+00:00,0,3.449287714829552e-05
2025-05-12 00:00:00+00:00,0,3.181294505338883e-05
2025-05-13 00:00:00+00:00,0,2.913301295848214e-05
2025-05-14 00:00:00+00:00,0,2.645308086357545e-05
2025-05-15 00:00:00+00:00,0,2.8591054009060222e-05
2025-05-16 00:00:00+00:00,0,3.0729027154544994e-05
2025-05-17 00:00:00+00:00,0,3.286700030002976e-05
2025-05-18 00:00:00+00:00,0,3.500497344551453e-05
2025-05-19 00:00:00+00:00,0,3.71429465909993e-05
2025-05-20 00:00:00+00:00,0,3.928091973648407e-05
2025-05-21 00:00:00+00:00,0,3.401318754185923e-05
2025-05-22 00:00:00+00:00,0,2.874545534723439e-05
2025-05-23 00:00:00+00:00,0,2.3477723152609543e-05
2025-05-24 00:00:00+00:00,0,1.82099909579847e-05
2025-05-25 00:00:00+00:00,0,1.294225876335986e-05
2025-05-26 00:00:00+00:00,0,1.5640554011042695e-05
2025-05-27 00:00:00+00:00,0,1.833884925872553e-05
2025-05-28 00:00:00+00:00,0,2.1037144506408367e-05
2025-05-29 00:00:00+00:00,0,2.3735439754091203e-05
2025-05-30 00:00:00+00:00,0,3.656338958535344e-05
2025-05-31 00:00:00+00:00,0,3.867070821191495e-05
2025-06-01 00:00:00+00:00,0,4.0778026838476464e-05
2025-06-02 00:00:00+00:00,0,4.288534546503797e-05
2025-06-03 00:00:00+00:00,0,2.808899989759084e-05
2025-06-04 00:00:00+00:00,0,2.5550235780732084e-05
2025-06-05 00:00:00+00:00,0,2.3011471663873333e-05
2025-06-06 00:00:00+00:00,0,2.047270754701458e-05
2025-06-07 00:00:00+00:00,0,2.1383642888395116e-05
2025-06-08 00:00:00+00:00,0,2.229457822977565e-05
2025-06-09 00:00:00+00:00,0,1.7627941815590017e-05
2025-06-10 00:00:00+00:00,0,1.2961305401404387e-05
2025-06-11 00:00:00+00:00,0,8.294668987218756e-06
2025-06-12 00:00:00+00:00,0,1.8868389815906997e-05
2025-06-13 00:00:00+00:00,0,1.855728260125034e-05
2025-06-14 00:00:00+00:00,0,1.824617538659368e-05
2025-06-15 00:00:00+00:00,0,1.793506817193702e-05
2025-06-16 00:00:00+00:00,0,1.762396095728036e-05
2025-06-17 00:00:00+00:00,0,1.73128537426237e-05
2025-06-18 00:00:00+00:00,0,1.4469661474928822e-05
2025-06-19 00:00:00+00:00,0,1.1626469207233942e-05
2025-06-20 00:00:00+00:00,0,8.783276939539064e-06
2025-06-21 00:00:00+00:00,0,5.9400846718441845e-06
2025-06-22 00:00:00+00:00,0,3.0968924041493047e-06
2025-06-23 00:00:00+00:00,0,2.537001364544267e-07
2025-06-24 00:00:00+00:00,0,2.7317664716974832e-05
2025-06-25 00:00:00+00:00,0,2.299259864457781e-05
2025-06-26 00:00:00+00:00,0,1.866753257218079e-05
2025-06-27 00:00:00+00:00,0,1.4342466499783768e-05
2025-06-28 00:00:00+00:00,0,1.0017400427386747e-05
2025-06-29 00:00:00+00:00,0,5.692334354989725e-06
2025-06-30 00:00:00+00:00,0,1.367268282592704e-06
2025-07-01 00:00:00+00:00,0,2.5367702619405463e-05
2025-07-02 00:00:00+00:00,0,2.258518134112819e-05
2025-07-03 00:00:00+00:00,0,1.980266006285092e-05
2025-07-04 00:00:00+00:00,0,1.7020138784573646e-05
2025-07-05 00:00:00+00:00,0,1.4237617506296374e-05
2025-07-06 00:00:00+00:00,0,1.1455096228019102e-05
2025-07-07 00:00:00+00:00,0,8.67257494974183e-06
2025-07-08 00:00:00+00:00,0,5.890053671464557e-06
2025-07-09 00:00:00+00:00,0,5.292995774652809e-05
2025-07-10 00:00:00+00:00,0,3.7648318539140746e-05
2025-07-11 00:00:00+00:00,0,3.811830683844164e-05
2025-07-12 00:00:00+00:00,0,3.858829513774254e-05
2025-07-13 00:00:00+00:00,0,3.9058283437043426e-05
2025-07-14 00:00:00+00:00,0,3.952827173634432e-05
2025-07-15 00:00:00+00:00,0,3.999826003564522e-05
2025-07-16 00:00:00+00:00,0,4.215379158267751e-05
2025-07-17 00:00:00+00:00,0,3.982647103839554e-05
2025-07-18 00:00:00+00:00,0,5.419497210823465e-05
2025-07-19 00:00:00+00:00,0,6.856347317807376e-05
2025-07-20 00:00:00+00:00,0,2.0901077732560225e-05
2025-07-21 00:00:00+00:00,0,2.524300361983478e-05
2025-07-22 00:00:00+00:00,0,7.413735602312954e-06
2025-07-23 00:00:00+00:00,0,9.48160584357538e-06
2025-07-24 00:00:00+00:00,0,1.1549476084837806e-05
2025-07-25 00:00:00+00:00,0,1.3617346326100233e-05
2025-07-26 00:00:00+00:00,0,1.568521656736266e-05
2025-07-27 00:00:00+00:00,0,1.4670811651740223e-05
2025-07-28 00:00:00+00:00,0,3.1401872547576204e-05
2025-07-29 00:00:00+00:00,0,2.2269277451414382e-05
2025-07-30 00:00:00+00:00,0,1.313668235525256e-05
2025-07-31 00:00:00+00:00,0,1.499194695497863e-05
2025-08-01 00:00:00+00:00,0,1.68472115547047e-05
2025-08-02 00:00:00+00:00,0,1.870247615443077e-05
2025-08-03 00:00:00+00:00,0,2.055774075415684e-05
2025-08-04 00:00:00+00:00,0,2.241300535388291e-05
2025-08-05 00:00:00+00:00,0,2.426826995360898e-05
2025-08-06 00:00:00+00:00,0,2.6123534553335048e-05
2025-08-07 00:00:00+00:00,0,2.8159268367744517e-05
2025-08-08 00:00:00+00:00,0,3.0195002182153985e-05
2025-08-09 00:00:00+00:00,0,1.835568696151313e-05
2025-08-10 00:00:00+00:00,0,6.516371740872273e-06
2025-08-11 00:00:00+00:00,0,3.712168836500496e-05
2025-08-12 00:00:00+00:00,0,3.164149347867351e-05
2025-08-13 00:00:00+00:00,0,2.6161298592342064e-05
2025-08-14 00:00:00+00:00,0,2.908280657720752e-05
2025-08-15 00:00:00+00:00,0,6.18357807979919e-06
2025-08-16 00:00:00+00:00,0,8.15458297438454e-06
2025-08-17 00:00:00+00:00,0,1.0125587868969887e-05
2025-08-18 00:00:00+00:00,0,1.2096592763555235e-05
2025-08-19 00:00:00+00:00,0,1.4067597658140584e-05
2025-08-20 00:00:00+00:00,0,1.6038602552725933e-05
2025-08-21 00:00:00+00:00,0,2.5989714231400288e-05
2025-08-22 00:00:00+00:00,0,3.594082591007464e-05
2025-08-23 00:00:00+00:00,0,3.151558667013887e-05
2025-08-24 00:00:00+00:00,0,2.709034743020311e-05
2025-08-25 00:00:00+00:00,0,1.023074764816556e-05
2025-08-26 00:00:00+00:00,0,4.880340929958038e-05
2025-08-27 00:00:00+00:00,0,3.176058271492366e-05
2025-08-28 00:00:00+00:00,0,1.4717756130266936e-05
2025-08-29 00:00:00+00:00,0,5.435386628960259e-05
2025-08-30 00:00:00+00:00,0,5.399307519837748e-05
2025-08-31 00:00:00+00:00,0,5.363228410715237e-05
2025-09-01 00:00:00+00:00,0,5.327149301592726e-05
2025-09-02 00:00:00+00:00,0,5.291070192470215e-05
2025-09-03 00:00:00+00:00,0,5.254991083347704e-05
2025-09-04 00:00:00+00:00,0,5.218911974225193e-05
2025-09-05 00:00:00+00:00,0,5.182832865102682e-05
2025-09-06 00:00:00+00:00,0,5.146753755980171e-05
2025-09-07 00:00:00+00:00,0,1.322437765338691e-05
2025-09-08 00:00:00+00:00,0,1.6033806605264545e-05
2025-09-09 00:00:00+00:00,0,1.884323555714218e-05
2025-09-10 00:00:00+00:00,0,2.1652664509019813e-05
2025-09-11 00:00:00+00:00,0,2.446209346089745e-05
2025-09-12 00:00:00+00:00,0,2.7271522412775084e-05
2025-09-13 00:00:00+00:00,0,1.966185482160654e-05
2025-09-14 00:00:00+00:00,0,2.157564267690759e-05
2025-09-15 00:00:00+00:00,0,1.8384091163170524e-05
2025-09-16 00:00:00+00:00,0,1.8887705924238878e-05
2025-09-17 00:00:00+00:00,0,1.939132068530723e-05
2025-09-18 00:00:00+00:00,0,1.9894935446375583e-05
2025-09-19 00:00:00+00:00,0,2.0398550207443933e-05
2025-09-20 00:00:00+00:00,0,2.0902164968512288e-05
2025-09-21 00:00:00+00:00,0,2.1405779729580638e-05
2025-09-22 00:00:00+00:00,0,2.1909394490648992e-05
2025-09-23 00:00:00+00:00,0,4.932404044666328e-05
2025-09-24 00:00:00+00:00,0,4.292204175726511e-05
2025-09-25 00:00:00+00:00,0,2.6384087504993662e-05
2025-09-26 00:00:00+00:00,0,9.846133252722211e-06
2025-09-27 00:00:00+00:00,0,1.5892735063971486e-05
2025-09-28 00:00:00+00:00,0,2.193933687522076e-05
2025-09-29 00:00:00+00:00,0,1.7381428335738747e-05
2025-09-30 00:00:00+00:00,0,1.2823519796256733e-05
2025-10-01 00:00:00+00:00,0,8.265611256774719e-06
2025-10-02 00:00:00+00:00,0,3.7077027172927046e-06
2025-10-03 00:00:00+00:00,0,4.730432556243613e-05
2025-10-04 00:00:00+00:00,0,4.688734406954609e-05
2025-10-05 00:00:00+00:00,0,3.935741066622237e-05
2025-10-06 00:00:00+00:00,0,3.182747726289866e-05
2025-10-07 00:00:00+00:00,0,2.4297543859574944e-05
2025-10-08 00:00:00+00:00,0,4.402825652505271e-05
2025-10-09 00:00:00+00:00,0,2.5963032385334373e-05
2025-10-10 00:00:00+00:00,0,4.899895793641917e-05
2025-10-11 00:00:00+00:00,0,4.334976347308838e-05
2025-10-12 00:00:00+00:00,0,3.77005690097576e-05
2025-10-13 00:00:00+00:00,0,3.2051374546426814e-05
2025-10-14 00:00:00+00:00,0,2.6402180083096027e-05
2025-10-15 00:00:00+00:00,0,2.6402180083096027e-05
2025-10-16 00:00:00+00:00,0,2.6402180083096027e-05
2025-10-17 00:00:00+00:00,0,2.6402180083096027e-05
2025-10-18 00:00:00+00:00,0,2.6402180083096027e-05
