feature_index,NO2_t-1,NO2_t-2,NO2_t-3,NO2
0.0,0.20207746208530625,0.20207746208530625,0.20207746208530625,2.8112128347856924e-05
0.0,0.20207746208530625,0.20207746208530625,0.20207746208530625,2.8112128347856924e-05
0.0,0.20207746208530625,0.20207746208530625,0.20207746208530625,2.834538281604182e-05
0.0,0.2033316152825263,0.20207746208530625,0.20207746208530625,3.2349811226595195e-05
0.0,0.22486246411562738,0.2033316152825263,0.20207746208530625,3.635423963714857e-05
0.0,0.24639331294872846,0.22486246411562738,0.2033316152825263,4.035866804770194e-05
0.0,0.2679241617818295,0.24639331294872846,0.22486246411562738,4.436309645825531e-05
0.0,0.2894550106149306,0.2679241617818295,0.24639331294872846,4.836752486880869e-05
0.0,0.3109858594480317,0.2894550106149306,0.2679241617818295,7.266955435625277e-05
0.0,0.4416520293944726,0.3109858594480317,0.2894550106149306,9.697158384369686e-05
0.0,0.5723181993409135,0.4416520293944726,0.3109858594480317,4.610198448062874e-05
0.0,0.29880459345395516,0.5723181993409135,0.4416520293944726,3.72459071513731e-05
0.0,0.2511875948011795,0.29880459345395516,0.5723181993409135,2.8479101274569985e-05
0.0,0.20405058728591574,0.2511875948011795,0.29880459345395516,1.9712295397766862e-05
0.0,0.15691357977065198,0.20405058728591574,0.2511875948011795,2.029645111178979e-05
0.0,0.16005444460431292,0.15691357977065198,0.20405058728591574,2.088060682581272e-05
0.0,0.1631953094379739,0.16005444460431292,0.15691357977065198,2.1464762539835647e-05
0.0,0.16633617427163483,0.1631953094379739,0.16005444460431292,2.204891825385857e-05
0.0,0.16947703910529574,0.16633617427163483,0.1631953094379739,2.26330739678815e-05
0.0,0.1726179039389567,0.16947703910529574,0.16633617427163483,2.190339930368484e-05
0.0,0.16869461869536034,0.1726179039389567,0.16947703910529574,2.1173724639488177e-05
0.0,0.16477133345176398,0.16869461869536034,0.1726179039389567,2.044404997529152e-05
0.0,0.16084804820816762,0.16477133345176398,0.16869461869536034,1.9714375311094853e-05
0.0,0.15692476296457122,0.16084804820816762,0.16477133345176398,1.89847006468982e-05
0.0,0.1530014777209749,0.15692476296457122,0.16084804820816762,1.825502598270153e-05
0.0,0.14907819247737847,0.1530014777209749,0.15692476296457122,1.752535131850487e-05
0.0,0.1451549072337821,0.14907819247737847,0.1530014777209749,1.6795676654308205e-05
0.0,0.14123162199018574,0.1451549072337821,0.14907819247737847,1.6066001990111545e-05
0.0,0.13730833674658938,0.14123162199018574,0.1451549072337821,1.4987574468250388e-05
0.0,0.1315098912332534,0.13730833674658938,0.14123162199018574,1.3909146946389229e-05
0.0,0.12571144571991738,0.1315098912332534,0.13730833674658938,1.2830719424528067e-05
0.0,0.11991300020658138,0.12571144571991738,0.1315098912332534,1.175229190266691e-05
0.0,0.11411455469324538,0.11991300020658138,0.12571144571991738,1.0673864380805751e-05
0.0,0.10831610917990939,0.11411455469324538,0.11991300020658138,1.211600269576033e-05
0.0,0.11607014018565266,0.10831610917990939,0.11411455469324538,1.3558141010714908e-05
0.0,0.12382417119139595,0.11607014018565266,0.10831610917990939,1.5000279325669486e-05
0.0,0.13157820219713923,0.12382417119139595,0.11607014018565266,1.6442417640624066e-05
0.0,0.13933223320288252,0.13157820219713923,0.12382417119139595,1.7884555955578642e-05
0.0,0.14708626420862578,0.13933223320288252,0.13157820219713923,1.9326694270533226e-05
0.0,0.1548402952143691,0.14708626420862578,0.13933223320288252,2.07688325854878e-05
0.0,0.16259432622011233,0.1548402952143691,0.14708626420862578,2.221097090044238e-05
0.0,0.17034835722585562,0.16259432622011233,0.1548402952143691,2.365310921539696e-05
0.0,0.1781023882315989,0.17034835722585562,0.16259432622011233,2.509524753035153e-05
0.0,0.18585641923734214,0.1781023882315989,0.17034835722585562,2.653738584530611e-05
0.0,0.19361045024308543,0.18585641923734214,0.1781023882315989,2.797952416026069e-05
0.0,0.20136448124882872,0.19361045024308543,0.18585641923734214,2.942166247521527e-05
0.0,0.209118512254572,0.20136448124882872,0.19361045024308543,1.2975494428246748e-05
0.0,0.12069142059528494,0.209118512254572,0.20136448124882872,3.574417132767849e-05
0.0,0.24311312231916227,0.12069142059528494,0.209118512254572,3.192248004779685e-05
0.0,0.22256480710467175,0.24311312231916227,0.12069142059528494,2.810078876791522e-05
0.0,0.20201649189018117,0.22256480710467175,0.24311312231916227,3.096440923400223e-05
0.0,0.21741349067487759,0.20201649189018117,0.22256480710467175,2.255688377772458e-05
0.0,0.1722082476038576,0.21741349067487759,0.20201649189018117,3.461922096903436e-05
0.0,0.23706453469729927,0.1722082476038576,0.21741349067487759,3.3405263820895925e-05
0.0,0.23053737896702137,0.23706453469729927,0.1722082476038576,3.219130667275749e-05
0.0,0.22401022323674347,0.23053737896702137,0.23706453469729927,3.097734952461906e-05
0.0,0.21748306750646557,0.22401022323674347,0.23053737896702137,2.964930718007963e-05
0.0,0.21034250310309693,0.21748306750646557,0.22401022323674347,2.8321264835540205e-05
0.0,0.20320193869972825,0.21034250310309693,0.21748306750646557,2.699322249100078e-05
0.0,0.19606137429635961,0.20320193869972825,0.21034250310309693,3.0514574973494742e-05
0.0,0.21499484000368274,0.19606137429635961,0.20320193869972825,4.399286262923852e-05
0.0,0.28746435232660844,0.21499484000368274,0.19606137429635961,3.624857345130295e-05
0.0,0.24582517127132536,0.28746435232660844,0.21499484000368274,3.575171675558003e-05
0.0,0.2431536922709439,0.24582517127132536,0.28746435232660844,3.5254860059857105e-05
0.0,0.2404822132705624,0.2431536922709439,0.24582517127132536,3.475800336413419e-05
0.0,0.23781073427018096,0.2404822132705624,0.2431536922709439,3.4261146668411265e-05
0.0,0.23513925526979945,0.23781073427018096,0.2404822132705624,3.376428997268834e-05
0.0,0.232467776269418,0.23513925526979945,0.23781073427018096,3.326743327696542e-05
0.0,0.2297962972690365,0.232467776269418,0.23513925526979945,3.2770576581242494e-05
0.0,0.227124818268655,0.2297962972690365,0.232467776269418,3.227371988551958e-05
0.0,0.22445333926827354,0.227124818268655,0.2297962972690365,3.1776863189796654e-05
0.0,0.22178186026789204,0.22445333926827354,0.227124818268655,3.128000649407373e-05
0.0,0.2191103812675106,0.22178186026789204,0.22445333926827354,3.078314979835081e-05
0.0,0.21643890226712909,0.2191103812675106,0.22178186026789204,3.0286293102627887e-05
0.0,0.21376742326674758,0.21643890226712909,0.2191103812675106,2.9789436406904967e-05
0.0,0.21109594426636613,0.21376742326674758,0.21643890226712909,2.9292579711182043e-05
0.0,0.20842446526598463,0.21109594426636613,0.21376742326674758,2.05595169973094e-05
0.0,0.16146888662538678,0.20842446526598463,0.21109594426636613,3.377087523404043e-05
0.0,0.23250318363650302,0.16146888662538678,0.20842446526598463,4.698223347077146e-05
0.0,0.3035374806476193,0.23250318363650302,0.16146888662538678,2.03459057956934e-05
0.0,0.1603203505499433,0.3035374806476193,0.23250318363650302,5.642266114591621e-05
0.0,0.3542963906228077,0.1603203505499433,0.3035374806476193,9.249941649613902e-05
0.0,0.548272430695672,0.3542963906228077,0.1603203505499433,2.49321419687476e-05
0.0,0.18497943984585719,0.548272430695672,0.3542963906228077,3.0002025596331805e-05
0.0,0.21223898522797696,0.18497943984585719,0.548272430695672,2.27966156671755e-05
0.0,0.1734972283379465,0.21223898522797696,0.18497943984585719,1.700725442788098e-05
0.0,0.1423692248119103,0.1734972283379465,0.21223898522797696,2.441275773890084e-05
0.0,0.1821868357104815,0.1423692248119103,0.1734972283379465,3.181826104992069e-05
0.0,0.2220044466090526,0.1821868357104815,0.1423692248119103,2.52105928666424e-05
0.0,0.18647660337966243,0.2220044466090526,0.1821868357104815,2.637438046804164e-05
0.0,0.19273400951870778,0.18647660337966243,0.2220044466090526,2.753816806944087e-05
0.0,0.19899141565775308,0.19273400951870778,0.18647660337966243,2.8701955670840107e-05
0.0,0.20524882179679843,0.19899141565775308,0.19273400951870778,2.9865743272239342e-05
0.0,0.21150622793584373,0.20524882179679843,0.19899141565775308,3.63961880793795e-05
0.0,0.2466188596375088,0.21150622793584373,0.20524882179679843,3.531125660381142e-05
0.0,0.24078544392874812,0.2466188596375088,0.21150622793584373,3.4226325128243346e-05
0.0,0.23495202821998745,0.24078544392874812,0.2466188596375088,3.314139365267527e-05
0.0,0.22911861251122684,0.23495202821998745,0.24078544392874812,3.205646217710719e-05
0.0,0.22328519680246617,0.22911861251122684,0.23495202821998745,3.097153070153912e-05
0.0,0.2174517810937055,0.22328519680246617,0.22911861251122684,2.9886599225971043e-05
0.0,0.21161836538494483,0.2174517810937055,0.22328519680246617,2.8801667750402967e-05
0.0,0.20578494967618416,0.21161836538494483,0.2174517810937055,2.7716736274834893e-05
0.0,0.19995153396742354,0.20578494967618416,0.21161836538494483,2.6631804799266817e-05
0.0,0.19411811825866288,0.19995153396742354,0.20578494967618416,2.554687332369874e-05
0.0,0.1882847025499022,0.19411811825866288,0.19995153396742354,2.4461941848130664e-05
0.0,0.18245128684114154,0.1882847025499022,0.19411811825866288,2.3377010372562587e-05
0.0,0.17661787113238087,0.18245128684114154,0.1882847025499022,2.229207889699451e-05
0.0,0.1707844554236202,0.17661787113238087,0.18245128684114154,2.120714742142644e-05
0.0,0.16495103971485958,0.1707844554236202,0.17661787113238087,2.012221594585836e-05
0.0,0.1591176240060989,0.16495103971485958,0.1707844554236202,1.9037284470290285e-05
0.0,0.15328420829733824,0.1591176240060989,0.16495103971485958,1.7952352994722208e-05
0.0,0.14745079258857757,0.15328420829733824,0.1591176240060989,1.686742151915413e-05
0.0,0.1416173768798169,0.14745079258857757,0.15328420829733824,1.578249004358606e-05
0.0,0.13578396117105626,0.1416173768798169,0.14745079258857757,1.4697558568017982e-05
0.0,0.1299505454622956,0.13578396117105626,0.1416173768798169,1.3612627092449904e-05
0.0,0.12411712975353492,0.1299505454622956,0.13578396117105626,1.2527695616881829e-05
0.0,0.11828371404477427,0.12411712975353492,0.1299505454622956,3.0650327971670777e-05
0.0,0.21572475123762197,0.11828371404477427,0.12411712975353492,3.018947457652151e-05
0.0,0.21324685332863952,0.21572475123762197,0.11828371404477427,2.972862118137224e-05
0.0,0.210768955419657,0.21324685332863952,0.21572475123762197,2.9267767786222976e-05
0.0,0.20829105751067456,0.210768955419657,0.21324685332863952,2.8806914391073708e-05
0.0,0.20581315960169205,0.20829105751067456,0.210768955419657,2.834606099592444e-05
0.0,0.20333526169270955,0.20581315960169205,0.20829105751067456,2.788520760077517e-05
0.0,0.20085736378372704,0.20333526169270955,0.20581315960169205,3.0293576401163588e-05
0.0,0.21380658381194934,0.20085736378372704,0.20333526169270955,3.270194520155201e-05
0.0,0.22675580384017158,0.21380658381194934,0.20085736378372704,3.5110314001940424e-05
0.0,0.23970502386839387,0.22675580384017158,0.21380658381194934,3.751868280232884e-05
0.0,0.2526542438966161,0.23970502386839387,0.22675580384017158,3.419428399606009e-05
0.0,0.2347797507554532,0.2526542438966161,0.23970502386839387,3.0869885189791345e-05
0.0,0.21690525761429036,0.2347797507554532,0.2526542438966161,2.75454863835226e-05
0.0,0.19903076447312745,0.21690525761429036,0.2347797507554532,2.4221087577253847e-05
0.0,0.18115627133196455,0.19903076447312745,0.21690525761429036,2.08966887709851e-05
0.0,0.16328177819080167,0.18115627133196455,0.19903076447312745,1.757228996471635e-05
0.0,0.1454072850496388,0.16328177819080167,0.18115627133196455,1.42478911584476e-05
0.0,0.12753279190847588,0.1454072850496388,0.16328177819080167,2.46157028414018e-05
0.0,0.18327802273528898,0.12753279190847588,0.1454072850496388,3.4983514524356e-05
0.0,0.23902325356210213,0.18327802273528898,0.12753279190847588,4.5351326207310194e-05
0.0,0.2947684843889152,0.23902325356210213,0.18327802273528898,5.571913789026439e-05
0.0,0.35051371521572827,0.2947684843889152,0.23902325356210213,4.449527114047669e-05
0.0,0.2901656821042677,0.35051371521572827,0.2947684843889152,3.3271404390688986e-05
0.0,0.22981764899280704,0.2901656821042677,0.35051371521572827,2.204753764090128e-05
0.0,0.16946961588134646,0.22981764899280704,0.2901656821042677,3.423247471801005e-05
0.0,0.23498509308570054,0.16946961588134646,0.22981764899280704,2.0870513253612444e-05
0.0,0.16314103872691377,0.23498509308570054,0.16946961588134646,1.8725111355403595e-05
0.0,0.15160572851014315,0.16314103872691377,0.23498509308570054,1.6579709457194742e-05
0.0,0.14007041829337252,0.15160572851014315,0.16314103872691377,1.4434307558985893e-05
0.0,0.1285351080766019,0.14007041829337252,0.15160572851014315,1.6083952505141497e-05
0.0,0.13740485235030642,0.1285351080766019,0.14007041829337252,1.7733597451297102e-05
0.0,0.14627459662401093,0.13740485235030642,0.1285351080766019,1.9383242397452707e-05
0.0,0.15514434089771545,0.14627459662401093,0.13740485235030642,2.103288734360831e-05
0.0,0.16401408517141997,0.15514434089771545,0.14627459662401093,2.268253228976392e-05
0.0,0.17288382944512454,0.16401408517141997,0.15514434089771545,4.259307388565503e-05
0.0,0.2799380247845941,0.17288382944512454,0.16401408517141997,1.7999194824369624e-05
0.0,0.14770264984504555,0.2799380247845941,0.17288382944512454,2.5092944269999865e-05
0.0,0.1858440351601729,0.14770264984504555,0.2799380247845941,2.4439635429492533e-05
0.0,0.18233135059095418,0.1858440351601729,0.14770264984504555,2.37863265889852e-05
0.0,0.17881866602173546,0.18233135059095418,0.1858440351601729,2.3133017748477872e-05
0.0,0.17530598145251675,0.17881866602173546,0.18233135059095418,2.247970890797054e-05
0.0,0.17179329688329803,0.17530598145251675,0.17881866602173546,2.1826400067463208e-05
0.0,0.16828061231407931,0.17179329688329803,0.17530598145251675,2.117309122695588e-05
0.0,0.1647679277448606,0.16828061231407931,0.17179329688329803,2.0519782386448547e-05
0.0,0.16125524317564185,0.1647679277448606,0.16828061231407931,1.986647354594121e-05
0.0,0.1577425586064231,0.16125524317564185,0.1647679277448606,1.9213164705433883e-05
0.0,0.1542298740372044,0.1577425586064231,0.16125524317564185,2.147790967553322e-05
0.0,0.16640686325949305,0.1542298740372044,0.1577425586064231,2.374265464563256e-05
0.0,0.1785838524817817,0.16640686325949305,0.1542298740372044,2.6007399615731887e-05
0.0,0.19076084170407026,0.1785838524817817,0.16640686325949305,2.8272144585831222e-05
0.0,0.20293783092635892,0.19076084170407026,0.1785838524817817,3.053688955593056e-05
0.0,0.21511482014864752,0.20293783092635892,0.19076084170407026,3.280163452602989e-05
0.0,0.22729180937093613,0.21511482014864752,0.20293783092635892,3.506637949612923e-05
0.0,0.23946879859322479,0.22729180937093613,0.21511482014864752,1.4416313206311315e-05
0.0,0.128438356768409,0.23946879859322479,0.22729180937093613,2.004264752031304e-05
0.0,0.15868980371149974,0.128438356768409,0.23946879859322479,1.754354889271781e-05
0.0,0.145252751215329,0.15868980371149974,0.128438356768409,2.58979998761788e-05
0.0,0.19017262560598985,0.145252751215329,0.15868980371149974,4.031481269824629e-05
0.0,0.2676883621113537,0.19017262560598985,0.145252751215329,5.473162552031378e-05
0.0,0.34520409861671764,0.2676883621113537,0.19017262560598985,6.914843834238127e-05
0.0,0.4227198351220815,0.34520409861671764,0.2676883621113537,1.9168732251273468e-05
0.0,0.15399097141347656,0.4227198351220815,0.34520409861671764,2.9020483149603628e-05
0.0,0.20696146747086563,0.15399097141347656,0.4227198351220815,3.887223404793379e-05
0.0,0.25993196352825476,0.20696146747086563,0.15399097141347656,4.8723984946263954e-05
0.0,0.3129024595856439,0.25993196352825476,0.20696146747086563,3.98592813629269e-05
0.0,0.2652390796385658,0.3129024595856439,0.25993196352825476,3.0994577779589846e-05
0.0,0.21757569969148766,0.2652390796385658,0.3129024595856439,2.2129874196252786e-05
0.0,0.16991231974440954,0.21757569969148766,0.2652390796385658,2.8029331588186324e-05
0.0,0.20163228381426007,0.16991231974440954,0.21757569969148766,3.392878898011986e-05
0.0,0.23335224788411063,0.20163228381426007,0.16991231974440954,3.98282463720534e-05
0.0,0.26507221195396113,0.23335224788411063,0.20163228381426007,3.833927439700346e-05
0.0,0.2570663676174672,0.26507221195396113,0.23335224788411063,3.685030242195353e-05
0.0,0.24906052328097333,0.2570663676174672,0.26507221195396113,3.5361330446903594e-05
0.0,0.2410546789444794,0.24906052328097333,0.2570663676174672,3.387235847185366e-05
0.0,0.23304883460798548,0.2410546789444794,0.24906052328097333,3.238338649680372e-05
0.0,0.22504299027149155,0.23304883460798548,0.2410546789444794,3.089441452175379e-05
0.0,0.21703714593499762,0.22504299027149155,0.23304883460798548,2.33174032473471e-05
0.0,0.17629737795063039,0.21703714593499762,0.22504299027149155,2.609038953475344e-05
0.0,0.19120705854650782,0.17629737795063039,0.21703714593499762,2.886337582215977e-05
0.0,0.20611673914238526,0.19120705854650782,0.17629737795063039,3.163636210956611e-05
0.0,0.2210264197382627,0.20611673914238526,0.19120705854650782,3.440934839697244e-05
0.0,0.23593610033414014,0.2210264197382627,0.20611673914238526,3.718233468437877e-05
0.0,0.2508457809300175,0.23593610033414014,0.2210264197382627,3.995532097178511e-05
0.0,0.265755461525895,0.2508457809300175,0.23593610033414014,3.511666982376482e-05
0.0,0.23973919759429957,0.265755461525895,0.2508457809300175,3.027801867574453e-05
0.0,0.21372293366270412,0.23973919759429957,0.265755461525895,2.543936752772424e-05
0.0,0.1877066697311086,0.21372293366270412,0.23973919759429957,2.060071637970396e-05
0.0,0.16169040579951324,0.1877066697311086,0.21372293366270412,1.5762065231683664e-05
0.0,0.13567414186791776,0.16169040579951324,0.1877066697311086,2.896323894674424e-05
0.0,0.20665367915453847,0.13567414186791776,0.16169040579951324,3.176657628500834e-05
0.0,0.2217265500539864,0.20665367915453847,0.13567414186791776,6.196420144988224e-05
0.0,0.384091920559811,0.2217265500539864,0.20665367915453847,9.216182661475614e-05
0.0,0.5464572910656356,0.384091920559811,0.2217265500539864,2.3109085304895416e-05
0.0,0.1751773024571269,0.5464572910656356,0.384091920559811,2.241086531284964e-05
0.0,0.17142314142346537,0.1751773024571269,0.5464572910656356,2.171264532080386e-05
0.0,0.16766898038980382,0.17142314142346537,0.1751773024571269,2.101442532875808e-05
0.0,0.16391481935614227,0.16766898038980382,0.17142314142346537,2.03162053367123e-05
0.0,0.16016065832248072,0.16391481935614227,0.16766898038980382,2.2466027076006867e-05
0.0,0.17171973296216675,0.16016065832248072,0.16391481935614227,2.461584881530144e-05
0.0,0.18327880760185283,0.17171973296216675,0.16016065832248072,2.6765670554596e-05
0.0,0.1948378822415388,0.18327880760185283,0.17171973296216675,9.863826562650502e-06
0.0,0.10396073057810151,0.1948378822415388,0.18327880760185283,3.562984784366563e-05
0.0,0.24249843243087077,0.10396073057810151,0.1948378822415388,3.337336238473654e-05
0.0,0.23036585261442222,0.24249843243087077,0.10396073057810151,3.247552740504034e-05
0.0,0.2255384097828902,0.23036585261442222,0.24249843243087077,2.727088849496795e-05
0.0,0.19755431764421738,0.2255384097828902,0.23036585261442222,2.206624958489556e-05
0.0,0.16957022550554463,0.19755431764421738,0.2255384097828902,2.898094680858776e-05
0.0,0.20674889007040992,0.16957022550554463,0.19755431764421738,3.589564403227996e-05
0.0,0.24392755463527516,0.20674889007040992,0.16957022550554463,4.281034125597216e-05
0.0,0.28110621920014045,0.24392755463527516,0.20674889007040992,3.726838622242212e-05
0.0,0.25130845936187174,0.28110621920014045,0.24392755463527516,3.440013970248401e-05
0.0,0.23588658739779744,0.25130845936187174,0.28110621920014045,3.15318931825459e-05
0.0,0.22046471543372315,0.23588658739779744,0.25130845936187174,2.866364666260779e-05
0.0,0.20504284346964885,0.22046471543372315,0.23588658739779744,2.579540014266968e-05
0.0,0.18962097150557455,0.20504284346964885,0.22046471543372315,2.2927153622731566e-05
0.0,0.1741990995415002,0.18962097150557455,0.20504284346964885,8.224624616559595e-05
0.0,0.49314359885910714,0.1741990995415002,0.18962097150557455,7.441238189390528e-05
0.0,0.4510227940600286,0.49314359885910714,0.1741990995415002,6.657851762221461e-05
0.0,0.40890198926094995,0.4510227940600286,0.49314359885910714,5.874465335052394e-05
0.0,0.36678118446187136,0.40890198926094995,0.4510227940600286,5.091078907883327e-05
0.0,0.32466037966279276,0.36678118446187136,0.40890198926094995,4.30769248071426e-05
0.0,0.2825395748637141,0.32466037966279276,0.36678118446187136,3.524306053545194e-05
0.0,0.24041877006463552,0.2825395748637141,0.32466037966279276,2.740919626376126e-05
0.0,0.19829796526555687,0.24041877006463552,0.2825395748637141,2.993729049194372e-05
0.0,0.21189092013506594,0.19829796526555687,0.24041877006463552,3.246538472012617e-05
0.0,0.22548387500457495,0.21189092013506594,0.19829796526555687,4.761277887155302e-05
0.0,0.3069277716741378,0.22548387500457495,0.21189092013506594,7.09965024725534e-05
0.0,0.432656431645008,0.3069277716741378,0.22548387500457495,5.923807839280926e-05
0.0,0.3694342122867447,0.432656431645008,0.3069277716741378,4.747965431306511e-05
0.0,0.3062119929284815,0.3694342122867447,0.432656431645008,3.5721230233320966e-05
0.0,0.24298977357021823,0.3062119929284815,0.3694342122867447,3.539698324554289e-05
0.0,0.24124637547124378,0.24298977357021823,0.3062119929284815,3.5072736257764824e-05
0.0,0.23950297737226933,0.24124637547124378,0.24298977357021823,3.474848926998675e-05
0.0,0.23775957927329489,0.23950297737226933,0.24124637547124378,1.9676748706842773e-05
0.0,0.15672245375956223,0.23775957927329489,0.23950297737226933,3.512906550895423e-05
0.0,0.23980584621343642,0.15672245375956223,0.23775957927329489,2.533884617150761e-05
0.0,0.18716619056571898,0.23980584621343642,0.15672245375956223,2.329750350327231e-05
0.0,0.17619038181096597,0.18716619056571898,0.23980584621343642,4.489502559105556e-05
0.0,0.29231506567748616,0.17619038181096597,0.18716619056571898,6.64925476788388e-05
0.0,0.4084397495440064,0.29231506567748616,0.17619038181096597,8.809006976662204e-05
0.0,0.5245644334105266,0.4084397495440064,0.29231506567748616,2.372477865719702e-05
0.0,0.17848773758964542,0.5245644334105266,0.4084397495440064,3.407267649890855e-05
0.0,0.2341258964797116,0.17848773758964542,0.5245644334105266,2.997756882905378e-05
0.0,0.2121074870701321,0.2341258964797116,0.17848773758964542,2.588246115919901e-05
0.0,0.1900890776605526,0.2121074870701321,0.2341258964797116,2.178735348934424e-05
0.0,0.1680706682509731,0.1900890776605526,0.2121074870701321,1.769224581948947e-05
0.0,0.14605225884139364,0.1680706682509731,0.1900890776605526,4.8421701649203897e-05
0.0,0.31127715497122777,0.14605225884139364,0.1680706682509731,5.204676926950924e-05
0.0,0.3307682720397379,0.31127715497122777,0.14605225884139364,5.351957467307026e-05
0.0,0.3386871926080456,0.3307682720397379,0.31127715497122777,5.4992380076631285e-05
0.0,0.3466061131763533,0.3386871926080456,0.3307682720397379,5.6465185480192304e-05
0.0,0.354525033744661,0.3466061131763533,0.3386871926080456,4.1265026084147394e-05
0.0,0.2727974310404193,0.354525033744661,0.3466061131763533,3.513190313242376e-05
0.0,0.23982110343262075,0.2727974310404193,0.354525033744661,4.018802792415954e-05
0.0,0.267006670862234,0.23982110343262075,0.2727974310404193,2.2539270503330044e-05
0.0,0.17211354526195904,0.267006670862234,0.23982110343262075,2.5919127438100983e-05
0.0,0.19028622342703205,0.17211354526195904,0.267006670862234,5.244915882940404e-05
0.0,0.3329318239622246,0.19028622342703205,0.17211354526195904,2.4249147827504203e-05
0.0,0.1813071445514151,0.3329318239622246,0.19028622342703205,1.93674804904731e-05
0.0,0.15505959291330776,0.1813071445514151,0.3329318239622246,2.453348497510888e-05
0.0,0.18283595703475913,0.15505959291330776,0.1813071445514151,2.969948945974465e-05
0.0,0.21061232115621042,0.18283595703475913,0.15505959291330776,3.486549394438043e-05
0.0,0.23838868527766177,0.21061232115621042,0.18283595703475913,3.131978155579418e-05
0.0,0.21932424221180247,0.23838868527766177,0.21061232115621042,2.469934952387121e-05
0.0,0.1837277708368889,0.21932424221180247,0.23838868527766177,2.0470495655899867e-05
0.0,0.16099024027482217,0.1837277708368889,0.21932424221180247,2.103275801346172e-05
0.0,0.16401338979431485,0.16099024027482217,0.1837277708368889,1.307888396695489e-05
0.0,0.12124732128837323,0.16401338979431485,0.16099024027482217,8.595435881867768e-06
0.0,0.09714089882951163,0.12124732128837323,0.16401338979431485,4.111987796780644e-06
0.0,0.07303447637065003,0.09714089882951163,0.12124732128837323,-3.714602883064799e-07
0.0,0.048928053911788415,0.07303447637065003,0.09714089882951163,6.329757979983697e-06
0.0,0.08495889345730863,0.048928053911788415,0.07303447637065003,2.9521106625907123e-05
0.0,0.20965319954483286,0.08495889345730863,0.048928053911788415,1.8771940934432983e-05
0.0,0.15185751989798324,0.20965319954483286,0.08495889345730863,8.02277524295884e-06
0.0,0.09406184025113357,0.15185751989798324,0.20965319954483286,-2.7263904485153034e-06
0.0,0.036266160604283906,0.09406184025113357,0.15185751989798324,1.8278372408531144e-05
0.0,0.14920372059619963,0.036266160604283906,0.09406184025113357,3.928313526557759e-05
0.0,0.2621412805881153,0.14920372059619963,0.036266160604283906,1.5229278687911574e-05
0.0,0.13280947671270227,0.2621412805881153,0.14920372059619963,2.1614827346638776e-05
0.0,0.16714303665976782,0.13280947671270227,0.2621412805881153,1.6223642887780443e-05
0.0,0.13815593395389078,0.16714303665976782,0.13280947671270227,1.083245842892211e-05
0.0,0.10916883124801374,0.13815593395389078,0.16714303665976782,1.5376481314888224e-05
0.0,0.13360094984802337,0.10916883124801374,0.13815593395389078,3.835798634099774e-05
0.0,0.2571669772416654,0.13360094984802337,0.10916883124801374,3.132400524918921e-05
0.0,0.21934695199574222,0.2571669772416654,0.13360094984802337,-6.735865554219345e-06
0.0,0.0147081769046662,0.21934695199574222,0.2571669772416654,-1.2737425549858017e-06
0.0,0.04407669908734902,0.0147081769046662,0.21934695199574222,4.188380444247741e-06
0.0,0.07344522127003185,0.04407669908734902,0.0147081769046662,8.431479500359274e-06
0.0,0.0962593447839509,0.07344522127003185,0.04407669908734902,1.2674578556470806e-05
0.0,0.11907346829786997,0.0962593447839509,0.07344522127003185,1.6917677612582338e-05
0.0,0.14188759181178903,0.11907346829786997,0.0962593447839509,2.116077666869387e-05
0.0,0.1647017153257081,0.14188759181178903,0.11907346829786997,2.1657522665918805e-05
0.0,0.16737259912687963,0.1647017153257081,0.14188759181178903,2.2154268663143742e-05
0.0,0.1700434829280512,0.16737259912687963,0.1647017153257081,2.265101466036868e-05
0.0,0.17271436672922275,0.1700434829280512,0.16737259912687963,2.773705728031928e-05
0.0,0.20006079512840919,0.17271436672922275,0.1700434829280512,3.282309990026988e-05
0.0,0.22740722352759557,0.20006079512840919,0.17271436672922275,4.114306193514494e-06
0.0,0.07304694183250723,0.22740722352759557,0.20006079512840919,1.1239674677199218e-05
0.0,0.11135833511351681,0.07304694183250723,0.22740722352759557,1.3462704373523591e-05
0.0,0.12331103133775531,0.11135833511351681,0.07304694183250723,2.1799035494041163e-05
0.0,0.16813347958168245,0.12331103133775531,0.11135833511351681,3.013536661455873e-05
0.0,0.21295592782560951,0.16813347958168245,0.12331103133775531,1.31702527141897e-05
0.0,0.12173858907570538,0.21295592782560951,0.16813347958168245,2.565234899520874e-05
0.0,0.18885181987752547,0.12173858907570538,0.21295592782560951,3.13724231091328e-05
0.0,0.2196072831882091,0.18885181987752547,0.12173858907570538,2.9229277060949247e-05
0.0,0.20808410213468104,0.2196072831882091,0.18885181987752547,2.708613101276569e-05
0.0,0.19656092108115297,0.20808410213468104,0.2196072831882091,1.369368146697525e-05
0.0,0.1245529396385531,0.19656092108115297,0.20808410213468104,1.1539396837179083e-05
0.0,0.11296986910959224,0.1245529396385531,0.19656092108115297,6.37214834569022e-05
0.0,0.39354040343206365,0.11296986910959224,0.1245529396385531,4.048875416629016e-05
0.0,0.2686236035666361,0.39354040343206365,0.11296986910959224,2.8845427095802727e-05
0.0,0.20602023315593243,0.2686236035666361,0.39354040343206365,1.72021000253153e-05
0.0,0.1434168627452287,0.20602023315593243,0.2686236035666361,5.558772954827873e-06
0.0,0.08081349233452498,0.1434168627452287,0.20602023315593243,2.2395870170536607e-05
0.0,0.17134251614832702,0.08081349233452498,0.1434168627452287,3.923296738624534e-05
0.0,0.26187153996212903,0.17134251614832702,0.08081349233452498,5.607006460195407e-05
0.0,0.35240056377593104,0.26187153996212903,0.17134251614832702,3.648938582045957e-05
0.0,0.24711996148502668,0.35240056377593104,0.26187153996212903,4.74701591883786e-05
0.0,0.30616093992582627,0.24711996148502668,0.35240056377593104,1.7091206245822832e-05
0.0,0.142820613553586,0.30616093992582627,0.24711996148502668,2.524837691453285e-05
0.0,0.18667975912126283,0.142820613553586,0.30616093992582627,5.465712456498295e-05
0.0,0.3448035248911586,0.18667975912126283,0.142820613553586,3.490494782454334e-05
0.0,0.23860081930593613,0.3448035248911586,0.18667975912126283,1.951523699972313e-05
0.0,0.15585404414045043,0.23860081930593613,0.3448035248911586,3.0094985049800016e-05
0.0,0.2127388058602942,0.15585404414045043,0.23860081930593613,5.339408016880043e-05
0.0,0.33801243882952936,0.2127388058602942,0.15585404414045043,2.3204702301882207e-05
0.0,0.17569141206202632,0.33801243882952936,0.2127388058602942,1.988716940104496e-05
0.0,0.15785383524369206,0.17569141206202632,0.33801243882952936,2.755340756266378e-05
0.0,0.19907335474898785,0.15785383524369206,0.17569141206202632,3.772687341552228e-05
0.0,0.25377363477131004,0.19907335474898785,0.15785383524369206,9.805451554711908e-06
0.0,0.1036468621947276,0.25377363477131004,0.19907335474898785,4.171005275566131e-05
0.0,0.27519023246141916,0.1036468621947276,0.25377363477131004,3.2284606883573964e-05
0.0,0.2245118760393986,0.27519023246141916,0.1036468621947276,2.2859161011486624e-05
0.0,0.17383351961737808,0.2245118760393986,0.27519023246141916,1.3433715139399284e-05
0.0,0.12315516319535753,0.17383351961737808,0.2245118760393986,2.027575707567545e-05
0.0,0.15994317774731273,0.12315516319535753,0.17383351961737808,2.7117799011951625e-05
0.0,0.19673119229926794,0.15994317774731273,0.12315516319535753,3.395984094822779e-05
0.0,0.23351920685122318,0.19673119229926794,0.15994317774731273,4.546609125100076e-05
0.0,0.2953855484374355,0.23351920685122318,0.19673119229926794,3.674181789392605e-05
0.0,0.24847722805523415,0.2953855484374355,0.23351920685122318,2.912476945008772e-05
0.0,0.20752218983642695,0.24847722805523415,0.2953855484374355,2.1507721006249384e-05
0.0,0.1665671516176197,0.20752218983642695,0.24847722805523415,1.3890672562411057e-05
0.0,0.1256121133988125,0.1665671516176197,0.20752218983642695,1.3215545095590642e-05
0.0,0.1219821153214649,0.1256121133988125,0.1665671516176197,1.2540417628770228e-05
0.0,0.11835211724411732,0.1219821153214649,0.1256121133988125,2.1957133867545053e-05
0.0,0.16898353652656387,0.11835211724411732,0.1219821153214649,2.1732974346377887e-05
0.0,0.1677782846728833,0.16898353652656387,0.11835211724411732,2.559546919655986e-05
0.0,0.18854599087502943,0.1677782846728833,0.16898353652656387,2.7144089472130872e-05
0.0,0.1968725497829928,0.18854599087502943,0.1677782846728833,3.983644273830578e-05
0.0,0.26511628184475894,0.1968725497829928,0.18854599087502943,3.358862886670977e-05
0.0,0.23152328873438988,0.26511628184475894,0.1968725497829928,3.535353425832e-05
0.0,0.24101276071279737,0.23152328873438988,0.26511628184475894,3.7118439649930224e-05
0.0,0.25050223269120475,0.24101276071279737,0.23152328873438988,2.7748526918003336e-05
0.0,0.2001224646127468,0.25050223269120475,0.24101276071279737,6.093172123655677e-05
0.0,0.37854052267798277,0.2001224646127468,0.25050223269120475,4.367701694718562e-05
0.0,0.2857661260287062,0.37854052267798277,0.2001224646127468,4.7886493121040985e-05
0.0,0.3083994673882277,0.2857661260287062,0.37854052267798277,5.209596929489635e-05
0.0,0.33103280874774915,0.3083994673882277,0.2857661260287062,5.494183642440476e-05
0.0,0.34633435210985647,0.33103280874774915,0.3083994673882277,4.116372383577982e-05
0.0,0.2722527532056733,0.34633435210985647,0.33103280874774915,2.7385611247154884e-05
0.0,0.19817115430149024,0.2722527532056733,0.34633435210985647,3.887923958245665e-05
0.0,0.2599696306031385,0.19817115430149024,0.2722527532056733,3.352689539800243e-05
0.0,0.23119136271489166,0.2599696306031385,0.19817115430149024,2.817455121354821e-05
0.0,0.20241309482664482,0.23119136271489166,0.2599696306031385,2.2822207029093988e-05
0.0,0.17363482693839796,0.20241309482664482,0.23119136271489166,5.011460598325357e-05
0.0,0.3203794945733704,0.17363482693839796,0.20241309482664482,5.126087489770725e-05
0.0,0.32654270694448995,0.3203794945733704,0.17363482693839796,5.7780405768426135e-05
0.0,0.36159665703390764,0.32654270694448995,0.3203794945733704,7.545915286755189e-05
0.0,0.45665102992436973,0.36159665703390764,0.32654270694448995,3.577107781893574e-05
0.0,0.24325779205388953,0.45665102992436973,0.36159665703390764,3.7958396205795e-05
0.0,0.2550184771527202,0.24325779205388953,0.45665102992436973,4.014571459265426e-05
0.0,0.26677916225155085,0.2550184771527202,0.24325779205388953,4.833594963808233e-05
0.0,0.3108160870236208,0.26677916225155085,0.2550184771527202,5.652618468351041e-05
0.0,0.3548530117956908,0.3108160870236208,0.26677916225155085,6.471641972893849e-05
0.0,0.3988899365677608,0.3548530117956908,0.3108160870236208,8.65300462464802e-05
0.0,0.5161765619980334,0.3988899365677608,0.3548530117956908,2.113445407303516e-05
0.0,0.1645601850572361,0.5161765619980334,0.3988899365677608,7.204445137176663e-05
0.0,0.43829100093192813,0.1645601850572361,0.5161765619980334,3.846136678475887e-05
0.0,0.2577228290334102,0.43829100093192813,0.1645601850572361,3.693707549246028e-05
0.0,0.24952708121941491,0.2577228290334102,0.43829100093192813,2.985804167110473e-05
0.0,0.21146481827813451,0.24952708121941491,0.2577228290334102,2.277900784974917e-05
0.0,0.173402555336854,0.21146481827813451,0.24952708121941491,2.5984256353694946e-05
0.0,0.19063640594811843,0.173402555336854,0.21146481827813451,2.918950485764072e-05
0.0,0.20787025655938285,0.19063640594811843,0.173402555336854,3.239475336158648e-05
0.0,0.22510410717064722,0.20787025655938285,0.19063640594811843,3.560000186553225e-05
0.0,0.24233795778191158,0.22510410717064722,0.20787025655938285,1.7921147446031682e-05
0.0,0.1472830078555957,0.24233795778191158,0.22510410717064722,2.6115482796740253e-05
0.0,0.19134197898337807,0.1472830078555957,0.24233795778191158,3.430981814744882e-05
0.0,0.2354009501111604,0.19134197898337807,0.1472830078555957,3.44441577908583e-05
0.0,0.23612326207631362,0.2354009501111604,0.19134197898337807,3.4578497434267774e-05
0.0,0.23684557404146683,0.23612326207631362,0.2354009501111604,3.471283707767725e-05
0.0,0.23756788600662004,0.23684557404146683,0.23612326207631362,3.4847176721086726e-05
0.0,0.23829019797177325,0.23756788600662004,0.23684557404146683,3.49815163644962e-05
0.0,0.23901250993692646,0.23829019797177325,0.23756788600662004,3.532972914399579e-05
0.0,0.24088476633621703,0.23901250993692646,0.23829019797177325,3.567794192349538e-05
0.0,0.24275702273550764,0.24088476633621703,0.23901250993692646,0.0001272201770916
0.0,0.734957612975621,0.24275702273550764,0.24088476633621703,0.0001025842943818
0.0,0.6024963945163774,0.734957612975621,0.24275702273550764,7.794841167196864e-05
0.0,0.4700351760569651,0.6024963945163774,0.734957612975621,5.331252896212391e-05
0.0,0.33757395759748093,0.4700351760569651,0.6024963945163774,2.867664625227917e-05
0.0,0.2051127391379967,0.33757395759748093,0.4700351760569651,4.986273415852338e-05
0.0,0.319025240325925,0.2051127391379967,0.33757395759748093,6.022343586664647e-05
0.0,0.3747322425274261,0.319025240325925,0.2051127391379967,0.0001294218527618
0.0,0.7467954937352479,0.3747322425274261,0.319025240325925,8.080110274022445e-05
0.0,0.48537341009713003,0.7467954937352479,0.3747322425274261,3.218035271856934e-05
0.0,0.2239513264585845,0.48537341009713003,0.7467954937352479,3.329358878545463e-05
0.0,0.2299369291499686,0.2239513264585845,0.48537341009713003,0.0001765142515068
0.0,1.0,0.2299369291499686,0.2239513264585845,5.253923518466763e-05
0.0,0.33341614286863974,1.0,0.2299369291499686,0.0001281103614019
0.0,0.7397439199971564,0.33341614286863974,1.0,1.976321618712973e-05
0.0,0.15718736861286092,0.7397439199971564,0.33341614286863974,3.697516876854934e-05
0.0,0.24973189960669578,0.15718736861286092,0.7397439199971564,3.341176125104539e-05
0.0,0.23057231408684598,0.24973189960669578,0.15718736861286092,3.712615944095887e-05
0.0,0.2505437401516011,0.23057231408684598,0.24973189960669578,4.559045434386159e-05
0.0,0.2960542188888154,0.2505437401516011,0.23057231408684598,5.40547492467643e-05
0.0,0.34156469762602976,0.2960542188888154,0.2505437401516011,6.251904414966702e-05
0.0,0.3870751763632441,0.34156469762602976,0.2960542188888154,5.285396400722675e-05
0.0,0.33510836408155537,0.3870751763632441,0.34156469762602976,4.318888386478648e-05
0.0,0.2831415517998666,0.33510836408155537,0.3870751763632441,2.7633494028123096e-05
0.0,0.19950396041965923,0.2831415517998666,0.33510836408155537,3.15098550345283e-05
0.0,0.2203462216101657,0.19950396041965923,0.2831415517998666,3.248123296846946e-05
0.0,0.22556908722573732,0.2203462216101657,0.19950396041965923,3.345261090241062e-05
0.0,0.23079195284130888,0.22556908722573732,0.2203462216101657,3.442398883635178e-05
0.0,0.23601481845688044,0.23079195284130888,0.22556908722573732,3.5395366770292945e-05
0.0,0.24123768407245205,0.23601481845688044,0.23079195284130888,3.63667447042341e-05
0.0,0.2464605496880236,0.24123768407245205,0.23601481845688044,3.7338122638175264e-05
0.0,0.25168341530359517,0.2464605496880236,0.24123768407245205,3.830950057211643e-05
0.0,0.2569062809191668,0.25168341530359517,0.2464605496880236,3.928087850605758e-05
0.0,0.26212914653473834,0.2569062809191668,0.25168341530359517,4.0252256439998746e-05
0.0,0.2673520121503099,0.26212914653473834,0.2569062809191668,2.655598837009165e-05
0.0,0.1937104715465044,0.2673520121503099,0.26212914653473834,7.419070243486203e-06
0.0,0.09081586360957926,0.1937104715465044,0.2673520121503099,4.273863305570558e-05
0.0,0.28072066144713764,0.09081586360957926,0.1937104715465044,3.5242635931354016e-05
0.0,0.2404164870704828,0.28072066144713764,0.09081586360957926,5.423919719760306e-05
0.0,0.34255642991336904,0.2404164870704828,0.28072066144713764,6.118343480920885e-05
0.0,0.37989392604205063,0.34255642991336904,0.2404164870704828,6.812767242081463e-05
0.0,0.41723142217073217,0.37989392604205063,0.34255642991336904,6.367434232540998e-05
0.0,0.39328693690153316,0.41723142217073217,0.37989392604205063,5.922101223000532e-05
0.0,0.36934245163233415,0.39328693690153316,0.41723142217073217,5.476768213460067e-05
0.0,0.3453979663631352,0.36934245163233415,0.39328693690153316,5.031435203919601e-05
0.0,0.3214534810939362,0.3453979663631352,0.36934245163233415,4.586102194379136e-05
0.0,0.29750899582473717,0.3214534810939362,0.3453979663631352,4.1407691848386704e-05
0.0,0.27356451055553815,0.29750899582473717,0.3214534810939362,3.695436175298205e-05
0.0,0.2496200252863392,0.27356451055553815,0.29750899582473717,3.250103165757739e-05
0.0,0.22567554001714019,0.2496200252863392,0.27356451055553815,2.8047701562172733e-05
0.0,0.20173105474794117,0.22567554001714019,0.2496200252863392,1.36391772684874e-05
0.0,0.12425988366698959,0.20173105474794117,0.22567554001714019,1.479544213604337e-05
0.0,0.13047684187474862,0.12425988366698959,0.20173105474794117,1.5951707003599342e-05
0.0,0.13669380008250764,0.13047684187474862,0.12425988366698959,1.7107971871155314e-05
0.0,0.14291075829026667,0.13669380008250764,0.13047684187474862,1.8264236738711283e-05
0.0,0.1491277164980257,0.14291075829026667,0.13669380008250764,1.942050160626725e-05
0.0,0.15534467470578472,0.1491277164980257,0.14291075829026667,2.0576766473823227e-05
0.0,0.16156163291354378,0.15534467470578472,0.1491277164980257,2.145435319107492e-05
0.0,0.16628020570592703,0.16156163291354378,0.15534467470578472,2.2331939908326605e-05
0.0,0.17099877849831022,0.16628020570592703,0.16156163291354378,2.320952662557829e-05
0.0,0.17571735129069344,0.17099877849831022,0.16628020570592703,2.408711334282998e-05
0.0,0.18043592408307663,0.17571735129069344,0.17099877849831022,2.4964700060081668e-05
0.0,0.18515449687545987,0.18043592408307663,0.17571735129069344,2.197635330958292e-05
0.0,0.16908687484573154,0.18515449687545987,0.18043592408307663,1.898800655908417e-05
0.0,0.1530192528160032,0.16908687484573154,0.18515449687545987,1.8840951270249207e-05
0.0,0.15222857188244743,0.1530192528160032,0.16908687484573154,1.8693895981414244e-05
0.0,0.15143789094889165,0.15222857188244743,0.1530192528160032,1.8546840692579284e-05
0.0,0.1506472100153359,0.15143789094889165,0.15222857188244743,1.839978540374432e-05
0.0,0.14985652908178013,0.1506472100153359,0.15143789094889165,5.666572542395443e-05
0.0,0.35560328880916947,0.14985652908178013,0.1506472100153359,4.176077709416859e-05
0.0,0.27546296503460765,0.35560328880916947,0.14985652908178013,2.685582876438275e-05
0.0,0.19532264126004584,0.27546296503460765,0.35560328880916947,1.1471938705653884e-05
0.0,0.11260716295442544,0.19532264126004584,0.27546296503460765,1.6488813950369757e-05
0.0,0.13958169500594922,0.11260716295442544,0.19532264126004584,2.150568919508563e-05
0.0,0.166556227057473,0.13958169500594922,0.11260716295442544,2.65225644398015e-05
0.0,0.19353075910899675,0.166556227057473,0.13958169500594922,2.8702621420961805e-05
0.0,0.2052524013751455,0.19353075910899675,0.166556227057473,3.331350308144465e-05
0.0,0.23004400353178267,0.2052524013751455,0.19353075910899675,1.6898113244678825e-05
0.0,0.14178239890916763,0.23004400353178267,0.2052524013751455,2.1604695575661023e-05
0.0,0.16708856056306481,0.14178239890916763,0.23004400353178267,2.6311277906643227e-05
0.0,0.19239472221696202,0.16708856056306481,0.14178239890916763,3.101786023762543e-05
0.0,0.21770088387085917,0.19239472221696202,0.16708856056306481,3.572444256860763e-05
0.0,0.24300704552475638,0.21770088387085917,0.19239472221696202,3.303425801277626e-05
0.0,0.2285425699326596,0.24300704552475638,0.21770088387085917,3.0344073456944896e-05
0.0,0.21407809434056274,0.2285425699326596,0.24300704552475638,2.765388890111353e-05
0.0,0.19961361874846595,0.21407809434056274,0.2285425699326596,2.4963704345282163e-05
0.0,0.18514914315636916,0.19961361874846595,0.21407809434056274,2.22735197894508e-05
0.0,0.17068466756427234,0.18514914315636916,0.19961361874846595,2.498148023732938e-05
0.0,0.18524471985429025,0.17068466756427234,0.18514914315636916,2.489429243723862e-05
0.0,0.1847759320145832,0.18524471985429025,0.17068466756427234,2.480710463714786e-05
0.0,0.18430714417487615,0.1847759320145832,0.18524471985429025,2.47199168370571e-05
0.0,0.18383835633516915,0.18430714417487615,0.1847759320145832,1.8562761852081167e-05
0.0,0.15073281426226895,0.18383835633516915,0.18430714417487615,1.2405606867105234e-05
0.0,0.11762727218936876,0.15073281426226895,0.18383835633516915,1.2716875153273577e-05
0.0,0.11930088693008101,0.11762727218936876,0.15073281426226895,1.302814343944192e-05
0.0,0.12097450167079327,0.11930088693008101,0.11762727218936876,1.3339411725610262e-05
0.0,0.1226481164115055,0.12097450167079327,0.11930088693008101,1.3650680011778605e-05
0.0,0.12432173115221774,0.1226481164115055,0.12097450167079327,1.3961948297946948e-05
0.0,0.12599534589293,0.12432173115221774,0.1226481164115055,1.4273216584115289e-05
0.0,0.12766896063364225,0.12599534589293,0.12432173115221774,1.4584484870283633e-05
0.0,0.12934257537435448,0.12766896063364225,0.12599534589293,1.4895753156451976e-05
0.0,0.1310161901150667,0.12934257537435448,0.12766896063364225,1.5207021442620315e-05
0.0,0.13268980485577897,0.1310161901150667,0.12934257537435448,1.551828972878866e-05
0.0,0.1343634195964912,0.13268980485577897,0.1310161901150667,1.476895522500854e-05
0.0,0.13033442812200335,0.1343634195964912,0.13268980485577897,3.147370807710104e-05
0.0,0.22015186811040233,0.13033442812200335,0.1343634195964912,1.884821176645346e-05
0.0,0.15226760982499501,0.22015186811040233,0.13033442812200335,2.3816215010204665e-05
0.0,0.17897936887696453,0.15226760982499501,0.22015186811040233,2.8784218253955864e-05
0.0,0.20569112792893401,0.17897936887696453,0.15226760982499501,3.375222149770707e-05
0.0,0.23240288698090356,0.20569112792893401,0.17897936887696453,3.872022474145827e-05
0.0,0.259114646032873,0.23240288698090356,0.20569112792893401,4.368822798520947e-05
0.0,0.2858264050848425,0.259114646032873,0.23240288698090356,4.865623122896068e-05
0.0,0.31253816413681207,0.2858264050848425,0.259114646032873,3.277729410910979e-05
0.0,0.22716093680099325,0.31253816413681207,0.2858264050848425,2.320395833521616e-05
0.0,0.17568741193212484,0.22716093680099325,0.31253816413681207,2.595935711724451e-05
0.0,0.19050252873991036,0.17568741193212484,0.22716093680099325,2.8714755899272862e-05
0.0,0.20531764554769594,0.19050252873991036,0.17568741193212484,3.147015468130121e-05
0.0,0.22013276235548146,0.20531764554769594,0.19050252873991036,3.422555346332956e-05
0.0,0.23494787916326698,0.22013276235548146,0.20531764554769594,3.698095224535791e-05
0.0,0.24976299597105256,0.23494787916326698,0.22013276235548146,3.973635102738626e-05
0.0,0.2645781127788381,0.24976299597105256,0.23494787916326698,3.571754859876819e-05
0.0,0.24296997830635342,0.2645781127788381,0.24976299597105256,3.169874617015012e-05
0.0,0.22136184383386887,0.24296997830635342,0.2645781127788381,2.7679943741532043e-05
0.0,0.19975370936138415,0.22136184383386887,0.24296997830635342,2.629969640111085e-05
0.0,0.19233245124609882,0.19975370936138415,0.22136184383386887,2.491944906068965e-05
0.0,0.1849111931308134,0.19233245124609882,0.19975370936138415,2.3539201720268466e-05
0.0,0.17748993501552807,0.1849111931308134,0.19233245124609882,2.215895437984728e-05
0.0,0.17006867690024274,0.17748993501552807,0.1849111931308134,2.077870703942608e-05
0.0,0.16264741878495736,0.17006867690024274,0.17748993501552807,1.939845969900489e-05
0.0,0.155226160669672,0.16264741878495736,0.17006867690024274,1.8018212358583696e-05
0.0,0.14780490255438664,0.155226160669672,0.16264741878495736,1.6637965018162504e-05
0.0,0.14038364443910128,0.14780490255438664,0.155226160669672,1.5257717677741311e-05
0.0,0.1329623863238159,0.14038364443910128,0.14780490255438664,1.387747033732012e-05
0.0,0.12554112820853056,0.1329623863238159,0.14038364443910128,1.2497222996898928e-05
0.0,0.11811987009324519,0.12554112820853056,0.1329623863238159,1.2461929941309792e-05
0.0,0.11793010781837338,0.11811987009324519,0.12554112820853056,1.2426636885720654e-05
0.0,0.11774034554350156,0.11793010781837338,0.11811987009324519,1.2391343830131518e-05
0.0,0.11755058326862974,0.11774034554350156,0.11793010781837338,1.2356050774542382e-05
0.0,0.11736082099375793,0.11755058326862974,0.11774034554350156,1.2320757718953246e-05
0.0,0.11717105871888613,0.11736082099375793,0.11755058326862974,1.228546466336411e-05
0.0,0.11698129644401431,0.11717105871888613,0.11736082099375793,1.2250171607774972e-05
0.0,0.11679153416914248,0.11698129644401431,0.11717105871888613,1.2214878552185835e-05
0.0,0.11660177189427068,0.11679153416914248,0.11698129644401431,1.7178024271353415e-05
0.0,0.14328741320438282,0.11660177189427068,0.11679153416914248,2.2141169990520992e-05
0.0,0.16997305451449496,0.14328741320438282,0.11660177189427068,2.7104315709688573e-05
0.0,0.19665869582460715,0.16997305451449496,0.14328741320438282,3.2067461428856146e-05
0.0,0.22334433713471924,0.19665869582460715,0.16997305451449496,3.703060714802373e-05
0.0,0.25002997844483144,0.22334433713471924,0.19665869582460715,4.199375286719131e-05
0.0,0.2767156197549436,0.25002997844483144,0.22334433713471924,4.695689858635888e-05
0.0,0.3034012610650557,0.2767156197549436,0.25002997844483144,3.808186284004478e-05
0.0,0.2556823275616719,0.3034012610650557,0.2767156197549436,2.920682709373068e-05
0.0,0.20796339405828812,0.2556823275616719,0.3034012610650557,2.786298500723205e-05
0.0,0.20073787824092265,0.20796339405828812,0.2556823275616719,1.908373633341398e-05
0.0,0.15353396879756254,0.20073787824092265,0.20796339405828812,1.85119938578282e-05
0.0,0.15045984696263145,0.15353396879756254,0.20073787824092265,1.7940251382242423e-05
0.0,0.14738572512770043,0.15045984696263145,0.15353396879756254,1.7368508906656643e-05
0.0,0.14431160329276937,0.14738572512770043,0.15045984696263145,1.6796766431070864e-05
0.0,0.14123748145783832,0.14431160329276937,0.14738572512770043,2.2072430874686687e-05
0.0,0.16960346081466782,0.14123748145783832,0.14431160329276937,2.734809531830252e-05
0.0,0.19796944017149737,0.16960346081466782,0.14123748145783832,3.262375976191834e-05
0.0,0.22633541952832686,0.19796944017149737,0.16960346081466782,3.789942420553416e-05
0.0,0.25470139888515636,0.22633541952832686,0.19796944017149737,4.3175088649149984e-05
0.0,0.28306737824198586,0.25470139888515636,0.22633541952832686,2.6282489670848008e-05
0.0,0.19223993479425644,0.28306737824198586,0.25470139888515636,9.389890692546032e-06
0.0,0.10141249134652702,0.19223993479425644,0.28306737824198586,1.271334167540772e-05
0.0,0.11928188826910249,0.10141249134652702,0.19223993479425644,1.22538452463535e-05
0.0,0.1168112864405761,0.11928188826910249,0.10141249134652702,1.1794348817299276e-05
0.0,0.1143406846120497,0.1168112864405761,0.11928188826910249,1.1334852388245054e-05
0.0,0.11187008278352331,0.1143406846120497,0.1168112864405761,1.0875355959190832e-05
0.0,0.10939948095499691,0.11187008278352331,0.1143406846120497,1.0415859530136611e-05
0.0,0.10692887912647053,0.10939948095499691,0.11187008278352331,9.956363101082388e-06
0.0,0.10445827729794413,0.10692887912647053,0.10939948095499691,1.096465621230891e-05
0.0,0.10987962694676338,0.10445827729794413,0.10692887912647053,1.1588799907258364e-05
0.0,0.11323549754009803,0.10987962694676338,0.10445827729794413,1.2212943602207815e-05
0.0,0.11659136813343265,0.11323549754009803,0.10987962694676338,1.2837087297157268e-05
0.0,0.11994723872676728,0.11659136813343265,0.11323549754009803,1.346123099210672e-05
0.0,0.12330310932010193,0.11994723872676728,0.11659136813343265,2.401724304945673e-05
0.0,0.18006024831357625,0.12330310932010193,0.11994723872676728,3.4573255106806755e-05
0.0,0.23681738730705065,0.18006024831357625,0.12330310932010193,4.512926716415677e-05
0.0,0.29357452630052505,0.23681738730705065,0.18006024831357625,5.568527922150679e-05
0.0,0.35033166529399945,0.29357452630052505,0.23681738730705065,4.815478678210639e-05
0.0,0.30984201790156807,0.35033166529399945,0.29357452630052505,4.062429434270598e-05
0.0,0.2693523705091366,0.30984201790156807,0.35033166529399945,3.2674395091210805e-05
0.0,0.22660767352036654,0.2693523705091366,0.30984201790156807,2.4724495839715623e-05
0.0,0.18386297653159644,0.22660767352036654,0.2693523705091366,1.6774596588220447e-05
0.0,0.1411182795428264,0.18386297653159644,0.22660767352036654,1.9009768948308192e-05
0.0,0.15313626395082452,0.1411182795428264,0.18386297653159644,2.1244941308395937e-05
0.0,0.1651542483588226,0.15313626395082452,0.1411182795428264,2.348011366848368e-05
0.0,0.17717223276682065,0.1651542483588226,0.15313626395082452,2.5715286028571427e-05
0.0,0.18919021717481876,0.17717223276682065,0.1651542483588226,1.5416248061228544e-05
0.0,0.13381476608251547,0.18919021717481876,0.17717223276682065,1.629047874303069e-05
0.0,0.13851529427913262,0.13381476608251547,0.18919021717481876,1.7164709424832837e-05
0.0,0.14321582247574977,0.13851529427913262,0.13381476608251547,1.8038940106634984e-05
0.0,0.14791635067236691,0.14321582247574977,0.13851529427913262,1.891317078843713e-05
0.0,0.15261687886898406,0.14791635067236691,0.14321582247574977,1.978740147023928e-05
0.0,0.1573174070656012,0.15261687886898406,0.14791635067236691,2.176430461986456e-05
0.0,0.16794674002110815,0.1573174070656012,0.15261687886898406,2.8343671147013083e-05
0.0,0.20332241204967216,0.16794674002110815,0.1573174070656012,3.098759407293983e-05
0.0,0.21753814997982845,0.20332241204967216,0.16794674002110815,2.193605268985266e-05
0.0,0.16887018810237367,0.21753814997982845,0.20332241204967216,1.288451130676549e-05
0.0,0.12020222622491887,0.16887018810237367,0.21753814997982845,1.2949149246802944e-05
0.0,0.12054976888847649,0.12020222622491887,0.16887018810237367,1.3013787186840394e-05
0.0,0.12089731155203408,0.12054976888847649,0.12020222622491887,1.3078425126877846e-05
0.0,0.12124485421559167,0.12089731155203408,0.12054976888847649,1.31430630669153e-05
0.0,0.12159239687914927,0.12124485421559167,0.12089731155203408,1.3207701006952751e-05
0.0,0.12193993954270686,0.12159239687914927,0.12124485421559167,1.3272338946990205e-05
0.0,0.12228748220626447,0.12193993954270686,0.12159239687914927,2.342815241718199e-05
0.0,0.17689284961091084,0.12228748220626447,0.12193993954270686,2.4025199309107848e-05
0.0,0.18010302720890464,0.17689284961091084,0.12228748220626447,2.4622246201033704e-05
0.0,0.18331320480689844,0.18010302720890464,0.17689284961091084,2.521929309295956e-05
0.0,0.1865233824048923,0.18331320480689844,0.18010302720890464,2.5816339984885414e-05
0.0,0.1897335600028861,0.1865233824048923,0.18331320480689844,2.641338687681127e-05
0.0,0.1929437376008799,0.1897335600028861,0.1865233824048923,2.7010433768737126e-05
0.0,0.19615391519887376,0.1929437376008799,0.1897335600028861,2.7607480660662983e-05
0.0,0.19936409279686756,0.19615391519887376,0.1929437376008799,1.0987138921336737e-05
0.0,0.11000051106799302,0.19936409279686756,0.19615391519887376,4.396936856210232e-05
0.0,0.2873380303759772,0.11000051106799302,0.19936409279686756,3.447988456173334e-05
0.0,0.23631535633400547,0.2873380303759772,0.11000051106799302,2.4990400561364368e-05
0.0,0.18529268229203377,0.23631535633400547,0.2873380303759772,2.7590433091972955e-05
0.0,0.19927243211853712,0.18529268229203377,0.23631535633400547,3.220073631382547e-05
0.0,0.22406092414972523,0.19927243211853712,0.18529268229203377,3.7589252315228805e-05
0.0,0.2530336792014078,0.22406092414972523,0.19927243211853712,2.150255022570491e-05
0.0,0.16653934957377273,0.2530336792014078,0.22406092414972523,3.7451562093338e-05
0.0,0.2522933519812946,0.16653934957377273,0.2530336792014078,1.6520525605301373e-05
0.0,0.13975220095051316,0.2522933519812946,0.16653934957377273,5.795866400148952e-06
0.0,0.08208828678885308,0.13975220095051316,0.2522933519812946,3.8785186916356906e-05
0.0,0.2594639320293278,0.08208828678885308,0.13975220095051316,2.515023015803308e-05
0.0,0.1861520476076579,0.2594639320293278,0.08208828678885308,1.1515273399709258e-05
0.0,0.11284016318598808,0.1861520476076579,0.2594639320293278,2.750436215137597e-05
0.0,0.19880964936381673,0.11284016318598808,0.1861520476076579,2.84359648503596e-05
0.0,0.20381865310364228,0.19880964936381673,0.11284016318598808,2.936756754934322e-05
0.0,0.20882765684346777,0.20381865310364228,0.19880964936381673,3.4998112823814154e-05
0.0,0.23910174510861731,0.20882765684346777,0.20381865310364228,8.948702088673599e-06
0.0,0.09904032629250087,0.23910174510861731,0.20882765684346777,2.0578006115101743e-05
0.0,0.16156829816666823,0.09904032629250087,0.23910174510861731,3.220731014152989e-05
0.0,0.2240962700408356,0.16156829816666823,0.09904032629250087,2.4880055207177065e-05
0.0,0.1846993818514065,0.2240962700408356,0.16156829816666823,1.886334393930156e-05
0.0,0.15234897188037605,0.1846993818514065,0.2240962700408356,1.284663267142605e-05
0.0,0.11999856190934557,0.15234897188037605,0.1846993818514065,1.2485534777321542e-05
0.0,0.11805702534661779,0.11999856190934557,0.15234897188037605,1.2124436883217036e-05
0.0,0.11611548878389001,0.11805702534661779,0.11999856190934557,1.1763338989112526e-05
0.0,0.11417395222116221,0.11611548878389001,0.11805702534661779,1.6652127669658512e-05
0.0,0.14045979361126099,0.11417395222116221,0.11611548878389001,2.1287261915858835e-05
0.0,0.16538179609058057,0.14045979361126099,0.11417395222116221,2.984912680403795e-05
0.0,0.21141688518119706,0.16538179609058057,0.14045979361126099,2.085628375425585e-05
0.0,0.16306453012987898,0.21141688518119706,0.16538179609058057,1.186344070447376e-05
0.0,0.11471217507856098,0.16306453012987898,0.21141688518119706,9.666901405580576e-06
0.0,0.10290191135258281,0.11471217507856098,0.16306453012987898,7.470362106687389e-06
0.0,0.0910916476266046,0.10290191135258281,0.11471217507856098,1.833020845272889e-05
0.0,0.1494824305436134,0.0910916476266046,0.10290191135258281,2.919005479877039e-05
0.0,0.2078732134606222,0.1494824305436134,0.0910916476266046,4.004990114481189e-05
0.0,0.266263996377631,0.2078732134606222,0.1494824305436134,2.216401480836793e-05
0.0,0.17009588560778804,0.266263996377631,0.2078732134606222,2.224749914603308e-05
0.0,0.17054476082040584,0.17009588560778804,0.266263996377631,1.9465653167571872e-05
0.0,0.1555874437957418,0.17054476082040584,0.17009588560778804,2.084686275338754e-05
0.0,0.16301387567317366,0.1555874437957418,0.17054476082040584,2.936164128186647e-05
0.0,0.20879579272801746,0.16301387567317366,0.1555874437957418,4.66805649921298e-05
0.0,0.30191548176402644,0.20879579272801746,0.16301387567317366,2.404891529295128e-05
0.0,0.18023054235231822,0.30191548176402644,0.20879579272801746,1.5304731277865358e-05
0.0,0.1332151671488403,0.18023054235231822,0.30191548176402644,9.590447007212788e-05
0.0,0.5665805851428869,0.1332151671488403,0.18023054235231822,6.438671698560938e-05
0.0,0.39711720418284174,0.5665805851428869,0.1332151671488403,2.9672753953491338e-05
0.0,0.21046857076674175,0.39711720418284174,0.5665805851428869,2.903014228650136e-05
0.0,0.2070134023277494,0.21046857076674175,0.39711720418284174,2.838753061951138e-05
0.0,0.20355823388875705,0.2070134023277494,0.21046857076674175,3.09886563627515e-05
0.0,0.21754386165675388,0.20355823388875705,0.2070134023277494,2.825770843628561e-05
0.0,0.2028602112209399,0.21754386165675388,0.20355823388875705,2.5526760509819724e-05
0.0,0.18817656078512596,0.2028602112209399,0.21754386165675388,2.1012334400438704e-05
0.0,0.16390357693726254,0.18817656078512596,0.2028602112209399,2.5372275558765978e-05
0.0,0.18734593234403274,0.16390357693726254,0.18817656078512596,2.1434578229673207e-05
0.0,0.16617388049269594,0.18734593234403274,0.16390357693726254,5.4478514357469976e-05
0.0,0.3438431807461926,0.16617388049269594,0.18734593234403274,4.135430178090852e-05
0.0,0.2732774449985582,0.3438431807461926,0.16617388049269594,2.823008920434707e-05
0.0,0.20271170925092397,0.2732774449985582,0.3438431807461926,1.510587662778562e-05
0.0,0.13214597350328966,0.20271170925092397,0.2732774449985582,2.1846399249625392e-05
0.0,0.16838814310843309,0.13214597350328966,0.20271170925092397,7.076875590428244e-06
0.0,0.08897596522930874,0.16838814310843309,0.13214597350328966,2.2585423266718863e-05
0.0,0.1723616975748174,0.08897596522930874,0.16838814310843309,3.809397094300948e-05
0.0,0.25574742992032606,0.1723616975748174,0.08897596522930874,3.903134893334936e-05
0.0,0.2607874860132991,0.25574742992032606,0.1723616975748174,3.9968726923689246e-05
0.0,0.26582754210627224,0.2607874860132991,0.25574742992032606,3.264254337409511e-05
0.0,0.2264364144951121,0.26582754210627224,0.2607874860132991,-9.471375051361974e-06
0.0,0.0,0.2264364144951121,0.26582754210627224,2.887383743654937e-05
0.0,0.20617298872781398,0.0,0.2264364144951121,3.788213871303015e-05
0.0,0.254608458947679,0.20617298872781398,0.0,2.8013634619128428e-05
0.0,0.2015478849854453,0.254608458947679,0.20617298872781398,1.8145130525226705e-05
0.0,0.1484873110232116,0.2015478849854453,0.254608458947679,3.4105807571904734e-05
0.0,0.23430403429395724,0.1484873110232116,0.2015478849854453,9.692757885204628e-05
0.0,0.5720815950803321,0.23430403429395724,0.1484873110232116,2.348420093767345e-05
0.0,0.17719420903060734,0.5720815950803321,0.23430403429395724,1.7868078430183232e-05
0.0,0.14699766851604273,0.17719420903060734,0.5720815950803321,2.2317495070941124e-05
0.0,0.17092111208046495,0.14699766851604273,0.17719420903060734,2.6766911711699017e-05
0.0,0.19484455564488717,0.17092111208046495,0.14699766851604273,3.121632835245691e-05
0.0,0.2187679992093094,0.19484455564488717,0.17092111208046495,4.500530849327333e-05
0.0,0.29290803032888785,0.2187679992093094,0.19484455564488717,6.609952833969146e-05
0.0,0.40632657904572367,0.29290803032888785,0.2187679992093094,4.995309791411273e-05
0.0,0.31951110451479603,0.40632657904572367,0.29290803032888785,5.082495044916868e-05
0.0,0.32419884598810444,0.31951110451479603,0.40632657904572367,5.169680298422463e-05
0.0,0.3288865874614129,0.32419884598810444,0.31951110451479603,5.256865551928058e-05
0.0,0.33357432893472133,0.3288865874614129,0.32419884598810444,5.344050805433653e-05
0.0,0.33826207040802975,0.33357432893472133,0.3288865874614129,4.9104585871516194e-05
0.0,0.31494885925800364,0.33826207040802975,0.33357432893472133,4.4768663688695855e-05
0.0,0.2916356481079775,0.31494885925800364,0.33826207040802975,4.043274150587552e-05
0.0,0.2683224369579514,0.2916356481079775,0.31494885925800364,3.6096819323055176e-05
0.0,0.24500922580792517,0.2683224369579514,0.2916356481079775,3.1760897140234844e-05
0.0,0.22169601465789907,0.24500922580792517,0.2683224369579514,2.7424974957414505e-05
0.0,0.19838280350787296,0.22169601465789907,0.24500922580792517,2.3089052774594165e-05
0.0,0.1750695923578468,0.19838280350787296,0.22169601465789907,2.370014954067301e-05
0.0,0.17835531275134042,0.1750695923578468,0.19838280350787296,2.431124630675185e-05
0.0,0.18164103314483404,0.17835531275134042,0.1750695923578468,2.890794833850426e-05
0.0,0.20635639484680363,0.18164103314483404,0.17835531275134042,3.350465037025666e-05
0.0,0.23107175654877316,0.20635639484680363,0.18164103314483404,3.810135240200907e-05
0.0,0.2557871182507427,0.23107175654877316,0.20635639484680363,4.176206130068749e-05
0.0,0.27546986990431543,0.2557871182507427,0.23107175654877316,1.908663580252324e-05
0.0,0.15354955854588298,0.27546986990431543,0.2557871182507427,4.08909581892658e-05
0.0,0.2707861579017146,0.15354955854588298,0.27546986990431543,5.613065877696499e-05
0.0,0.3527263640871286,0.2707861579017146,0.15354955854588298,2.4662520445417613e-05
0.0,0.18352974973636005,0.3527263640871286,0.2707861579017146,2.497471032256726e-05
0.0,0.18520831965021317,0.18352974973636005,0.3527263640871286,2.528690019971691e-05
0.0,0.1868868895640663,0.18520831965021317,0.18352974973636005,2.559909007686656e-05
0.0,0.18856545947791936,0.1868868895640663,0.18520831965021317,2.591127995401621e-05
0.0,0.19024402939177248,0.18856545947791936,0.1868868895640663,2.6223469831165858e-05
0.0,0.19192259930562555,0.19024402939177248,0.18856545947791936,4.012650879303692e-05
0.0,0.2666758972843985,0.19192259930562555,0.19024402939177248,5.402954775490798e-05
0.0,0.3414291952631714,0.2666758972843985,0.19192259930562555,2.203255280619487e-05
0.0,0.1693890460277308,0.3414291952631714,0.2666758972843985,3.890772131853737e-05
0.0,0.2601227700505668,0.1693890460277308,0.3414291952631714,4.646086381399073e-05
0.0,0.3007342013489489,0.2601227700505668,0.1693890460277308,2.618888174765744e-05
0.0,0.1917366274961449,0.3007342013489489,0.2601227700505668,3.263473081460688e-05
0.0,0.22639440824101165,0.1917366274961449,0.3007342013489489,3.908057988155633e-05
0.0,0.26105218898587845,0.22639440824101165,0.1917366274961449,2.1465922372954083e-05
0.0,0.1663424104154697,0.26105218898587845,0.22639440824101165,3.851264864351833e-06
0.0,0.07163263184506097,0.1663424104154697,0.26105218898587845,1.163900196843315e-05
0.0,0.11350542195363375,0.07163263184506097,0.1663424104154697,1.9426739072514465e-05
0.0,0.15537821206220653,0.11350542195363375,0.07163263184506097,2.721447617659578e-05
0.0,0.19725100217077934,0.15537821206220653,0.11350542195363375,3.50022132806771e-05
0.0,0.2391237922793521,0.19725100217077934,0.15537821206220653,4.278995038475841e-05
0.0,0.2809965823879249,0.2391237922793521,0.19725100217077934,4.212618422081085e-05
0.0,0.27742767130468055,0.2809965823879249,0.2391237922793521,4.146241805686329e-05
0.0,0.27385876022143624,0.27742767130468055,0.2809965823879249,4.0798651892915725e-05
0.0,0.27028984913819193,0.27385876022143624,0.27742767130468055,4.013488572896816e-05
0.0,0.2667209380549476,0.27028984913819193,0.27385876022143624,3.9471119565020606e-05
0.0,0.26315202697170337,0.2667209380549476,0.27028984913819193,3.880735340107304e-05
0.0,0.259583115888459,0.26315202697170337,0.2667209380549476,3.814358723712548e-05
0.0,0.2560142048052147,0.259583115888459,0.26315202697170337,3.747982107317792e-05
0.0,0.2524452937219704,0.2560142048052147,0.259583115888459,3.681605490923036e-05
0.0,0.24887638263872613,0.2524452937219704,0.2560142048052147,3.615228874528279e-05
0.0,0.24530747155548177,0.24887638263872613,0.2524452937219704,3.548852258133523e-05
0.0,0.24173856047223746,0.24530747155548177,0.24887638263872613,3.482475641738767e-05
0.0,0.2381696493889931,0.24173856047223746,0.24530747155548177,3.4160990253440104e-05
0.0,0.2346007383057488,0.2381696493889931,0.24173856047223746,3.349722408949254e-05
0.0,0.23103182722250448,0.2346007383057488,0.2381696493889931,3.283345792554498e-05
0.0,0.22746291613926017,0.23103182722250448,0.2346007383057488,3.216969176159742e-05
0.0,0.22389400505601592,0.22746291613926017,0.23103182722250448,3.1505925597649854e-05
0.0,0.22032509397277156,0.22389400505601592,0.22746291613926017,3.08421594337023e-05
0.0,0.21675618288952725,0.22032509397277156,0.22389400505601592,3.017839326975473e-05
0.0,0.21318727180628294,0.21675618288952725,0.22032509397277156,2.951462710580717e-05
0.0,0.20961836072303863,0.21318727180628294,0.21675618288952725,2.885086094185961e-05
0.0,0.20604944963979432,0.20961836072303863,0.21318727180628294,2.8187094777912047e-05
0.0,0.20248053855655002,0.20604944963979432,0.20961836072303863,2.7523328613964484e-05
0.0,0.1989116274733057,0.20248053855655002,0.20604944963979432,2.685956245001692e-05
0.0,0.19534271639006134,0.1989116274733057,0.20248053855655002,2.619579628606936e-05
0.0,0.19177380530681704,0.19534271639006134,0.1989116274733057,2.55320301221218e-05
0.0,0.18820489422357273,0.19177380530681704,0.19534271639006134,2.4891965949791487e-05
0.0,0.18476342305090582,0.18820489422357273,0.19177380530681704,2.425190177746117e-05
0.0,0.18132195187823885,0.18476342305090582,0.18820489422357273,2.3611837605130865e-05
0.0,0.17788048070557194,0.18132195187823885,0.18476342305090582,2.297177343280055e-05
0.0,0.174439009532905,0.17788048070557194,0.18132195187823885,2.233170926047024e-05
0.0,0.1709975383602381,0.174439009532905,0.17788048070557194,2.169164508813992e-05
0.0,0.1675560671875711,0.1709975383602381,0.174439009532905,2.105158091580961e-05
0.0,0.1641145960149042,0.1675560671875711,0.1709975383602381,2.0411516743479297e-05
0.0,0.16067312484223722,0.1641145960149042,0.1675560671875711,1.9771452571148984e-05
0.0,0.15723165366957031,0.16067312484223722,0.1641145960149042,1.9131388398818672e-05
0.0,0.15379018249690338,0.15723165366957031,0.16067312484223722,2.1972879039822143e-05
0.0,0.16906819453249944,0.15379018249690338,0.15723165366957031,2.481436968082562e-05
0.0,0.18434620656809553,0.16906819453249944,0.15379018249690338,2.765586032182909e-05
0.0,0.19962421860369156,0.18434620656809553,0.16906819453249944,3.049735096283257e-05
0.0,0.21490223063928765,0.19962421860369156,0.18434620656809553,3.3338841603836045e-05
0.0,0.23018024267488374,0.21490223063928765,0.19962421860369156,2.436032264085952e-05
0.0,0.18190490479457316,0.23018024267488374,0.21490223063928765,2.262022553622955e-05
0.0,0.17254882101093844,0.18190490479457316,0.23018024267488374,2.0880128431599587e-05
0.0,0.1631927372273037,0.17254882101093844,0.18190490479457316,1.914003132696962e-05
0.0,0.15383665344366895,0.1631927372273037,0.17254882101093844,1.7399934222339652e-05
0.0,0.1444805696600342,0.15383665344366895,0.1631927372273037,2.0270731814283256e-05
0.0,0.15991615812496238,0.1444805696600342,0.15383665344366895,2.3141529406226865e-05
0.0,0.17535174658989058,0.15991615812496238,0.1444805696600342,2.6012326998170465e-05
0.0,0.19078733505481876,0.17535174658989058,0.15991615812496238,2.733382340617633e-05
0.0,0.1978927035311972,0.19078733505481876,0.17535174658989058,2.86553198141822e-05
0.0,0.20499807200757575,0.1978927035311972,0.19078733505481876,2.9976816222188063e-05
0.0,0.2121034404839542,0.20499807200757575,0.1978927035311972,1.169918050436536e-05
0.0,0.11382898747343155,0.2121034404839542,0.20499807200757575,1.6921788983381703e-05
0.0,0.14190969766413605,0.11382898747343155,0.2121034404839542,2.2144397462398047e-05
0.0,0.1699904078548406,0.14190969766413605,0.11382898747343155,2.736700594141439e-05
0.0,0.1980711180455451,0.1699904078548406,0.14190969766413605,3.2589614420430735e-05
0.0,0.22615182823624963,0.1980711180455451,0.1699904078548406,3.068200688479313e-05
0.0,0.21589508113734923,0.22615182823624963,0.1980711180455451,2.8774399349155526e-05
0.0,0.20563833403844878,0.21589508113734923,0.22615182823624963,2.686679181351792e-05
0.0,0.19538158693954838,0.20563833403844878,0.21589508113734923,2.259979919472244e-05
0.0,0.17243899348348313,0.19538158693954838,0.20563833403844878,2.4651304556755352e-05
0.0,0.1834694445995072,0.17243899348348313,0.19538158693954838,2.6702809918788265e-05
0.0,0.19449989571553122,0.1834694445995072,0.17243899348348313,2.9792746317980345e-05
0.0,0.21111374086246137,0.19449989571553122,0.1834694445995072,3.288268271717243e-05
0.0,0.22772758600939152,0.21111374086246137,0.19449989571553122,3.340640172869566e-05
0.0,0.23054349722368878,0.22772758600939152,0.21111374086246137,3.3930120740218884e-05
0.0,0.23335940843798603,0.23054349722368878,0.22772758600939152,3.445383975174211e-05
0.0,0.23617531965228328,0.23335940843798603,0.23054349722368878,3.4977558763265347e-05
0.0,0.23899123086658058,0.23617531965228328,0.23335940843798603,3.5501277774788574e-05
0.0,0.24180714208087778,0.23899123086658058,0.23617531965228328,3.60249967863118e-05
0.0,0.24462305329517503,0.24180714208087778,0.23899123086658058,3.654871579783503e-05
0.0,0.24743896450947228,0.24462305329517503,0.24180714208087778,3.707243480935826e-05
0.0,0.25025487572376953,0.24743896450947228,0.24462305329517503,3.7596153820881485e-05
0.0,0.2530707869380668,0.25025487572376953,0.24743896450947228,3.811987283240471e-05
0.0,0.25588669815236403,0.2530707869380668,0.25025487572376953,3.864359184392794e-05
0.0,0.2587026093666613,0.25588669815236403,0.2530707869380668,3.9167310855451175e-05
0.0,0.26151852058095854,0.2587026093666613,0.25588669815236403,3.96910298669744e-05
0.0,0.2643344317952558,0.26151852058095854,0.2587026093666613,4.021474887849763e-05
0.0,0.26715034300955304,0.2643344317952558,0.26151852058095854,3.859471674635037e-05
0.0,0.2584398197173639,0.26715034300955304,0.2643344317952558,3.697468461420309e-05
0.0,0.24972929642517466,0.2584398197173639,0.26715034300955304,3.5354652482055826e-05
0.0,0.24101877313298553,0.24972929642517466,0.2584398197173639,3.373462034990856e-05
0.0,0.23230824984079634,0.24101877313298553,0.24972929642517466,3.211458821776129e-05
0.0,0.22359772654860716,0.23230824984079634,0.24101877313298553,3.0494556085614025e-05
0.0,0.21488720325641797,0.22359772654860716,0.23230824984079634,2.887452395346676e-05
0.0,0.20617667996422884,0.21488720325641797,0.22359772654860716,2.7254491821319483e-05
0.0,0.1974661566720396,0.20617667996422884,0.21488720325641797,2.5634459689172218e-05
0.0,0.1887556333798504,0.1974661566720396,0.20617667996422884,2.401442755702495e-05
0.0,0.18004511008766122,0.1887556333798504,0.1974661566720396,2.239439542487768e-05
0.0,0.17133458679547206,0.18004511008766122,0.1887556333798504,2.0774363292730413e-05
0.0,0.1626240635032829,0.17133458679547206,0.18004511008766122,1.946966767718549e-05
0.0,0.15560902884878008,0.1626240635032829,0.17133458679547206,1.8164972061640583e-05
0.0,0.14859399419427738,0.15560902884878008,0.1626240635032829,2.6561373942968203e-05
0.0,0.1937394284770813,0.14859399419427738,0.15560902884878008,3.495777582429582e-05
0.0,0.2388848627598853,0.1937394284770813,0.14859399419427738,4.335417770562344e-05
0.0,0.2840302970426893,0.2388848627598853,0.1937394284770813,5.175057958695106e-05
0.0,0.3291757313254932,0.2840302970426893,0.2388848627598853,2.5712975912028924e-05
0.0,0.18917779623355974,0.3291757313254932,0.2840302970426893,2.360143480473198e-05
0.0,0.17782454734883146,0.18917779623355974,0.3291757313254932,2.148989369743504e-05
0.0,0.1664712984641032,0.17782454734883146,0.18917779623355974,3.2549021852901205e-05
0.0,0.22593357175976414,0.1664712984641032,0.17782454734883146,2.9428943889797665e-05
0.0,0.20915766267020974,0.22593357175976414,0.1664712984641032,2.6308865926694125e-05
0.0,0.19238175358065535,0.20915766267020974,0.22593357175976414,2.3188787963590585e-05
0.0,0.17560584449110092,0.19238175358065535,0.20915766267020974,2.270516415592283e-05
0.0,0.17300551554838817,0.17560584449110092,0.19238175358065535,2.222154034825508e-05
0.0,0.17040518660567544,0.17300551554838817,0.17560584449110092,2.173791654058732e-05
0.0,0.16780485766296266,0.17040518660567544,0.17300551554838817,2.1254292732919566e-05
0.0,0.1652045287202499,0.16780485766296266,0.17040518660567544,2.077066892525181e-05
0.0,0.16260419977753715,0.1652045287202499,0.16780485766296266,2.0287045117584057e-05
0.0,0.1600038708348244,0.16260419977753715,0.1652045287202499,3.648337709212986e-05
0.0,0.24708765399739496,0.1600038708348244,0.16260419977753715,5.267970906667566e-05
0.0,0.33417143715996556,0.24708765399739496,0.1600038708348244,6.887604104122147e-05
0.0,0.42125522032253615,0.33417143715996556,0.24708765399739496,2.278421379742213e-05
0.0,0.17343054646589606,0.42125522032253615,0.33417143715996556,2.715448681556154e-05
0.0,0.19692845379892715,0.17343054646589606,0.42125522032253615,3.1524759833700955e-05
0.0,0.22042636113195824,0.19692845379892715,0.17343054646589606,3.858421405311674e-05
0.0,0.25838334926086687,0.22042636113195824,0.19692845379892715,3.3158716356800664e-05
0.0,0.2292117525266461,0.25838334926086687,0.22042636113195824,2.7733218660484583e-05
0.0,0.20004015579242534,0.2292117525266461,0.25838334926086687,2.2307720964168508e-05
0.0,0.17086855905820458,0.20004015579242534,0.2292117525266461,1.688222326785243e-05
0.0,0.14169696232398385,0.17086855905820458,0.20004015579242534,1.1456725571536352e-05
0.0,0.11252536558976309,0.14169696232398385,0.17086855905820458,6.031227875220277e-06
0.0,0.08335376885554235,0.11252536558976309,0.14169696232398385,6.057301789041958e-07
0.0,0.054182172121321585,0.08335376885554235,0.11252536558976309,6.364080491039204e-06
0.0,0.08514343734755798,0.054182172121321585,0.08335376885554235,1.053947279514331e-05
0.0,0.10759351793374977,0.08514343734755798,0.054182172121321585,1.4714865099247418e-05
0.0,0.13004359851994154,0.10759351793374977,0.08514343734755798,1.8890257403351523e-05
0.0,0.15249367910613332,0.13004359851994154,0.10759351793374977,2.3065649707455628e-05
0.0,0.17494375969232512,0.15249367910613332,0.13004359851994154,2.7241042011559734e-05
0.0,0.19739384027851686,0.17494375969232512,0.15249367910613332,3.141643431566384e-05
0.0,0.21984392086470866,0.19739384027851686,0.17494375969232512,3.559182661976795e-05
0.0,0.24229400145090046,0.21984392086470866,0.19739384027851686,3.976721892387205e-05
0.0,0.2647440820370922,0.24229400145090046,0.21984392086470866,4.394261122797616e-05
0.0,0.287194162623284,0.2647440820370922,0.24229400145090046,4.036403424834134e-05
0.0,0.2679530145525447,0.287194162623284,0.2647440820370922,3.678545726870652e-05
0.0,0.24871186648180538,0.2679530145525447,0.287194162623284,3.3206880289071705e-05
0.0,0.2294707184110661,0.24871186648180538,0.2679530145525447,2.9628303309436888e-05
0.0,0.2102295703403268,0.2294707184110661,0.24871186648180538,1.059828446159372e-05
0.0,0.10790973412496183,0.2102295703403268,0.2294707184110661,1.853534013207536e-05
0.0,0.15058537426643015,0.10790973412496183,0.2102295703403268,1.8045504839392378e-05
0.0,0.1479516476621337,0.15058537426643015,0.10790973412496183,1.7555669546709393e-05
0.0,0.1453179210578372,0.1479516476621337,0.15058537426643015,1.7065834254026412e-05
0.0,0.14268419445354072,0.1453179210578372,0.1479516476621337,1.6575998961343428e-05
0.0,0.14005046784924421,0.14268419445354072,0.1453179210578372,1.6086163668660447e-05
0.0,0.13741674124494774,0.14005046784924421,0.14268419445354072,1.920183058246039e-05
0.0,0.1541689331828855,0.13741674124494774,0.14005046784924421,2.231749749626033e-05
0.0,0.17092112512082325,0.1541689331828855,0.13741674124494774,2.543316441006027e-05
0.0,0.187673317058761,0.17092112512082325,0.1541689331828855,2.8548831323860213e-05
0.0,0.20442550899669876,0.187673317058761,0.17092112512082325,3.1664498237660155e-05
0.0,0.22117770093463646,0.20442550899669876,0.187673317058761,3.173601294292894e-05
0.0,0.22156221831155548,0.22117770093463646,0.20442550899669876,3.180752764819772e-05
0.0,0.2219467356884745,0.22156221831155548,0.22117770093463646,3.18790423534665e-05
0.0,0.22233125306539347,0.2219467356884745,0.22156221831155548,3.1950557058735285e-05
0.0,0.2227157704423125,0.22233125306539347,0.2219467356884745,3.202207176400407e-05
0.0,0.22310028781923152,0.2227157704423125,0.22233125306539347,3.209358646927285e-05
0.0,0.22348480519615055,0.22310028781923152,0.2227157704423125,3.216510117454163e-05
0.0,0.22386932257306952,0.22348480519615055,0.22310028781923152,3.2236615879810415e-05
0.0,0.22425383994998854,0.22386932257306952,0.22348480519615055,3.2308130585079205e-05
0.0,0.22463835732690757,0.22425383994998854,0.22386932257306952,3.237964529034799e-05
0.0,0.2250228747038266,0.22463835732690757,0.22425383994998854,3.245115999561677e-05
0.0,0.22540739208074562,0.2250228747038266,0.22463835732690757,3.252267470088555e-05
0.0,0.22579190945766459,0.22540739208074562,0.2250228747038266,3.2594189406154335e-05
0.0,0.2261764268345836,0.22579190945766459,0.22540739208074562,3.266570411142312e-05
0.0,0.22656094421150264,0.2261764268345836,0.22579190945766459,3.27372188166919e-05
0.0,0.2269454615884216,0.22656094421150264,0.2261764268345836,3.280873352196068e-05
0.0,0.22732997896534063,0.2269454615884216,0.22656094421150264,4.290626384317875e-05
0.0,0.2816219718901828,0.22732997896534063,0.2269454615884216,5.059465668940296e-05
0.0,0.3229606118082513,0.2816219718901828,0.22732997896534063,5.828304953562717e-05
0.0,0.3642992517263198,0.3229606118082513,0.2816219718901828,6.597144238185138e-05
0.0,0.40563789164438824,0.3642992517263198,0.3229606118082513,3.918134098057635e-05
0.0,0.2615939571906838,0.40563789164438824,0.3642992517263198,8.365717803826556e-06
0.0,0.0959057599518878,0.2615939571906838,0.40563789164438824,4.3506464862730354e-05
0.0,0.28484910847411615,0.0959057599518878,0.2615939571906838,3.629429556895048e-05
0.0,0.24607100810556715,0.28484910847411615,0.0959057599518878,2.5139011995634064e-05
0.0,0.18609173024546916,0.24607100810556715,0.28484910847411615,2.647610057869719e-05
0.0,0.1932809340985152,0.18609173024546916,0.24607100810556715,2.781318916176032e-05
0.0,0.20047013795156132,0.1932809340985152,0.18609173024546916,2.9150277744823448e-05
0.0,0.20765934180460738,0.20047013795156132,0.1932809340985152,3.048736632788657e-05
0.0,0.2148485456576535,0.20765934180460738,0.20047013795156132,3.18244549109497e-05
0.0,0.22203774951069954,0.2148485456576535,0.20765934180460738,3.316154349401283e-05
0.0,0.22922695336374566,0.22203774951069954,0.2148485456576535,3.449863207707596e-05
0.0,0.23641615721679177,0.22922695336374566,0.22203774951069954,3.583572066013908e-05
0.0,0.24360536106983777,0.23641615721679177,0.22922695336374566,3.717280924320221e-05
0.0,0.2507945649228839,0.24360536106983777,0.23641615721679177,3.449287714829552e-05
0.0,0.23638521434831883,0.2507945649228839,0.24360536106983777,3.181294505338883e-05
0.0,0.22197586377375378,0.23638521434831883,0.2507945649228839,2.913301295848214e-05
0.0,0.20756651319918878,0.22197586377375378,0.23638521434831883,2.645308086357545e-05
0.0,0.19315716262462373,0.20756651319918878,0.22197586377375378,2.8591054009060222e-05
0.0,0.20465253022399127,0.19315716262462373,0.20756651319918878,3.0729027154544994e-05
0.0,0.21614789782335886,0.20465253022399127,0.19315716262462373,3.286700030002976e-05
0.0,0.2276432654227264,0.21614789782335886,0.20465253022399127,3.500497344551453e-05
0.0,0.23913863302209398,0.2276432654227264,0.21614789782335886,3.71429465909993e-05
0.0,0.2506340006214615,0.23913863302209398,0.2276432654227264,3.928091973648407e-05
0.0,0.2621293682208291,0.2506340006214615,0.23913863302209398,3.401318754185923e-05
0.0,0.23380603865978095,0.2621293682208291,0.2506340006214615,2.874545534723439e-05
0.0,0.2054827090987329,0.23380603865978095,0.2621293682208291,2.3477723152609543e-05
0.0,0.1771593795376848,0.2054827090987329,0.23380603865978095,1.82099909579847e-05
0.0,0.14883604997663666,0.1771593795376848,0.2054827090987329,1.294225876335986e-05
0.0,0.12051272041558855,0.14883604997663666,0.1771593795376848,1.5640554011042695e-05
0.0,0.135020805247827,0.12051272041558855,0.14883604997663666,1.833884925872553e-05
0.0,0.14952889008006548,0.135020805247827,0.12051272041558855,2.1037144506408367e-05
0.0,0.16403697491230396,0.14952889008006548,0.135020805247827,2.3735439754091203e-05
0.0,0.17854505974454238,0.16403697491230396,0.14952889008006548,3.656338958535344e-05
0.0,0.24751786193713893,0.17854505974454238,0.16403697491230396,3.867070821191495e-05
0.0,0.2588484075581066,0.24751786193713893,0.17854505974454238,4.0778026838476464e-05
0.0,0.2701789531790743,0.2588484075581066,0.24751786193713893,4.288534546503797e-05
0.0,0.28150949880004195,0.2701789531790743,0.2588484075581066,2.808899989759084e-05
0.0,0.20195310596868532,0.28150949880004195,0.2701789531790743,2.5550235780732084e-05
0.0,0.18830278167298053,0.20195310596868532,0.28150949880004195,2.3011471663873333e-05
0.0,0.17465245737727575,0.18830278167298053,0.20195310596868532,2.047270754701458e-05
0.0,0.16100213308157096,0.17465245737727575,0.18830278167298053,2.138364288839512e-05
0.0,0.16590001340833738,0.16100213308157096,0.17465245737727575,2.229457822977565e-05
0.0,0.17079789373510368,0.16590001340833738,0.16100213308157096,1.7627941815590017e-05
0.0,0.1457065116721663,0.17079789373510368,0.16590001340833738,1.2961305401404388e-05
0.0,0.12061512960922897,0.1457065116721663,0.17079789373510368,8.294668987218756e-06
0.0,0.09552374754629162,0.12061512960922897,0.1457065116721663,1.8868389815907e-05
0.0,0.15237610234577176,0.09552374754629162,0.12061512960922897,1.855728260125034e-05
0.0,0.1507033536478536,0.15237610234577176,0.09552374754629162,1.824617538659368e-05
0.0,0.14903060494993542,0.1507033536478536,0.15237610234577176,1.793506817193702e-05
0.0,0.14735785625201725,0.14903060494993542,0.1507033536478536,1.762396095728036e-05
0.0,0.14568510755409908,0.14735785625201725,0.14903060494993542,1.73128537426237e-05
0.0,0.14401235885618094,0.14568510755409908,0.14735785625201725,1.4469661474928822e-05
0.0,0.12872519758296425,0.14401235885618094,0.14568510755409908,1.1626469207233942e-05
0.0,0.11343803630974751,0.12872519758296425,0.14401235885618094,8.783276939539064e-06
0.0,0.0981508750365308,0.11343803630974751,0.12872519758296425,5.9400846718441845e-06
0.0,0.08286371376331408,0.0981508750365308,0.11343803630974751,3.0968924041493047e-06
0.0,0.06757655249009738,0.08286371376331408,0.0981508750365308,2.537001364544267e-07
0.0,0.052289391216880664,0.06757655249009738,0.08286371376331408,2.7317664716974832e-05
0.0,0.1978058221441754,0.052289391216880664,0.06757655249009738,2.299259864457781e-05
0.0,0.17455098168990796,0.1978058221441754,0.052289391216880664,1.866753257218079e-05
0.0,0.1512961412356405,0.17455098168990796,0.1978058221441754,1.4342466499783768e-05
0.0,0.12804130078137307,0.1512961412356405,0.17455098168990796,1.0017400427386748e-05
0.0,0.10478646032710565,0.12804130078137307,0.1512961412356405,5.692334354989725e-06
0.0,0.08153161987283819,0.10478646032710565,0.12804130078137307,1.367268282592704e-06
0.0,0.058276779418570755,0.08153161987283819,0.10478646032710565,2.5367702619405463e-05
0.0,0.1873213447485011,0.058276779418570755,0.08153161987283819,2.258518134112819e-05
0.0,0.17236039679907925,0.1873213447485011,0.058276779418570755,1.980266006285092e-05
0.0,0.1573994488496574,0.17236039679907925,0.1873213447485011,1.7020138784573646e-05
0.0,0.14243850090023552,0.1573994488496574,0.17236039679907925,1.4237617506296374e-05
0.0,0.12747755295081367,0.14243850090023552,0.1573994488496574,1.1455096228019102e-05
0.0,0.11251660500139182,0.12747755295081367,0.14243850090023552,8.67257494974183e-06
0.0,0.09755565705196996,0.11251660500139182,0.12747755295081367,5.890053671464557e-06
0.0,0.0825947091025481,0.09755565705196996,0.11251660500139182,5.292995774652809e-05
0.0,0.335516964147634,0.0825947091025481,0.09755565705196996,3.7648318539140746e-05
0.0,0.2533512640868907,0.335516964147634,0.0825947091025481,3.811830683844164e-05
0.0,0.2558782781793153,0.2533512640868907,0.335516964147634,3.858829513774254e-05
0.0,0.2584052922717399,0.2558782781793153,0.2533512640868907,3.905828343704343e-05
0.0,0.26093230636416453,0.2584052922717399,0.2558782781793153,3.952827173634432e-05
0.0,0.2634593204565891,0.26093230636416453,0.2584052922717399,3.999826003564522e-05
0.0,0.26598633454901366,0.2634593204565891,0.26093230636416453,4.215379158267751e-05
0.0,0.2775761094521738,0.26598633454901366,0.2634593204565891,3.982647103839554e-05
0.0,0.26506266641170223,0.2775761094521738,0.26598633454901366,5.419497210823465e-05
0.0,0.3423186422402739,0.26506266641170223,0.2775761094521738,6.856347317807376e-05
0.0,0.41957461806884555,0.3423186422402739,0.26506266641170223,2.0901077732560225e-05
0.0,0.16330537658201258,0.41957461806884555,0.3423186422402739,2.524300361983478e-05
0.0,0.18665086820749976,0.16330537658201258,0.41957461806884555,7.413735602312954e-06
0.0,0.09078718052652616,0.18665086820749976,0.16330537658201258,9.48160584357538e-06
0.0,0.10190562166378123,0.09078718052652616,0.18665086820749976,1.1549476084837806e-05
0.0,0.1130240628010363,0.10190562166378123,0.09078718052652616,1.3617346326100233e-05
0.0,0.12414250393829136,0.1130240628010363,0.10190562166378123,1.568521656736266e-05
0.0,0.13526094507554642,0.12414250393829136,0.1130240628010363,1.4670811651740223e-05
0.0,0.12980673372386864,0.13526094507554642,0.12414250393829136,3.1401872547576204e-05
0.0,0.21976562573859,0.12980673372386864,0.13526094507554642,2.2269277451414385e-05
0.0,0.17066185753257837,0.21976562573859,0.12980673372386864,1.313668235525256e-05
0.0,0.12155808932656674,0.17066185753257837,0.21976562573859,1.499194695497863e-05
0.0,0.13153340104317343,0.12155808932656674,0.17066185753257837,1.68472115547047e-05
0.0,0.1415087127597801,0.13153340104317343,0.12155808932656674,1.870247615443077e-05
0.0,0.1514840244763868,0.1415087127597801,0.13153340104317343,2.055774075415684e-05
0.0,0.16145933619299352,0.1514840244763868,0.1415087127597801,2.241300535388291e-05
0.0,0.1714346479096002,0.16145933619299352,0.1514840244763868,2.426826995360898e-05
0.0,0.18140995962620687,0.1714346479096002,0.16145933619299352,2.6123534553335048e-05
0.0,0.19138527134281358,0.18140995962620687,0.1714346479096002,2.815926836774452e-05
0.0,0.20233092263900582,0.19138527134281358,0.18140995962620687,3.0195002182153985e-05
0.0,0.21327657393519805,0.20233092263900582,0.19138527134281358,1.835568696151313e-05
0.0,0.14961942235989373,0.21327657393519805,0.20233092263900582,6.516371740872273e-06
0.0,0.08596227078458944,0.14961942235989373,0.21327657393519805,3.712168836500496e-05
0.0,0.2505197002511171,0.08596227078458944,0.14961942235989373,3.164149347867351e-05
0.0,0.22105400987628765,0.2505197002511171,0.08596227078458944,2.6161298592342064e-05
0.0,0.19158831950145827,0.22105400987628765,0.2505197002511171,2.908280657720752e-05
0.0,0.20729656555751486,0.19158831950145827,0.22105400987628765,6.18357807979919e-06
0.0,0.08417291927806853,0.20729656555751486,0.19158831950145827,8.15458297438454e-06
0.0,0.09477053873426328,0.08417291927806853,0.20729656555751486,1.0125587868969887e-05
0.0,0.10536815819045803,0.09477053873426328,0.08417291927806853,1.2096592763555236e-05
0.0,0.11596577764665279,0.10536815819045803,0.09477053873426328,1.4067597658140584e-05
0.0,0.12656339710284753,0.11596577764665279,0.10536815819045803,1.6038602552725933e-05
0.0,0.13716101655904228,0.12656339710284753,0.11596577764665279,2.5989714231400288e-05
0.0,0.1906657516443765,0.13716101655904228,0.12656339710284753,3.594082591007464e-05
0.0,0.2441704867297107,0.1906657516443765,0.13716101655904228,3.151558667013887e-05
0.0,0.2203770392368643,0.2441704867297107,0.1906657516443765,2.709034743020311e-05
0.0,0.1965835917440179,0.2203770392368643,0.2441704867297107,1.023074764816556e-05
0.0,0.10593357704105286,0.1965835917440179,0.2203770392368643,4.880340929958038e-05
0.0,0.3133295052385056,0.10593357704105286,0.1965835917440179,3.176058271492366e-05
0.0,0.22169432406859385,0.3133295052385056,0.10593357704105286,1.4717756130266936e-05
0.0,0.1300591428986821,0.22169432406859385,0.3133295052385056,5.435386628960259e-05
0.0,0.343172978052715,0.1300591428986821,0.22169432406859385,5.399307519837748e-05
0.0,0.3412330910953093,0.343172978052715,0.1300591428986821,5.363228410715237e-05
0.0,0.3392932041379036,0.3412330910953093,0.343172978052715,5.327149301592726e-05
0.0,0.3373533171804979,0.3392932041379036,0.3412330910953093,5.291070192470215e-05
0.0,0.33541343022309217,0.3373533171804979,0.3392932041379036,5.254991083347704e-05
0.0,0.3334735432656864,0.33541343022309217,0.3373533171804979,5.218911974225193e-05
0.0,0.3315336563082807,0.3334735432656864,0.33541343022309217,5.182832865102682e-05
0.0,0.329593769350875,0.3315336563082807,0.3334735432656864,5.146753755980171e-05
0.0,0.32765388239346926,0.329593769350875,0.3315336563082807,1.322437765338691e-05
0.0,0.12202960586124328,0.32765388239346926,0.329593769350875,1.6033806605264545e-05
0.0,0.13713522990256705,0.12202960586124328,0.32765388239346926,1.884323555714218e-05
0.0,0.1522408539438908,0.13713522990256705,0.12202960586124328,2.1652664509019813e-05
0.0,0.16734647798521457,0.1522408539438908,0.13713522990256705,2.446209346089745e-05
0.0,0.18245210202653833,0.16734647798521457,0.1522408539438908,2.7271522412775084e-05
0.0,0.1975577260678621,0.18245210202653833,0.16734647798521457,1.966185482160654e-05
0.0,0.15664237291938193,0.1975577260678621,0.18245210202653833,2.157564267690759e-05
0.0,0.16693235011126223,0.15664237291938193,0.1975577260678621,1.8384091163170524e-05
0.0,0.14977214492336835,0.16693235011126223,0.15664237291938193,1.888770592423888e-05
0.0,0.1524799604163622,0.14977214492336835,0.16693235011126223,1.939132068530723e-05
0.0,0.15518777590935598,0.1524799604163622,0.14977214492336835,1.9894935446375583e-05
0.0,0.1578955914023498,0.15518777590935598,0.1524799604163622,2.0398550207443933e-05
0.0,0.16060340689534358,0.1578955914023498,0.15518777590935598,2.0902164968512288e-05
0.0,0.16331122238833742,0.16060340689534358,0.1578955914023498,2.140577972958064e-05
0.0,0.16601903788133124,0.16331122238833742,0.16060340689534358,2.1909394490648992e-05
0.0,0.16872685337432505,0.16601903788133124,0.16331122238833742,4.932404044666328e-05
0.0,0.3161288137480806,0.16872685337432505,0.16601903788133124,4.292204175726511e-05
0.0,0.28170680594095515,0.3161288137480806,0.16872685337432505,2.6384087504993665e-05
0.0,0.1927862019226675,0.28170680594095515,0.3161288137480806,9.846133252722211e-06
0.0,0.10386559790437977,0.1927862019226675,0.28170680594095515,1.5892735063971486e-05
0.0,0.13637672214095278,0.10386559790437977,0.1927862019226675,2.193933687522076e-05
0.0,0.1688878463775258,0.13637672214095278,0.10386559790437977,1.7381428335738747e-05
0.0,0.14438106795690062,0.1688878463775258,0.13637672214095278,1.2823519796256733e-05
0.0,0.11987428953627545,0.14438106795690062,0.1688878463775258,8.265611256774719e-06
0.0,0.09536751111565028,0.11987428953627545,0.14438106795690062,3.7077027172927046e-06
0.0,0.07086073269502512,0.09536751111565028,0.11987428953627545,4.730432556243613e-05
0.0,0.30526929238826445,0.07086073269502512,0.09536751111565028,4.688734406954609e-05
0.0,0.30302728315020305,0.30526929238826445,0.07086073269502512,3.935741066622237e-05
0.0,0.2625406415603545,0.30302728315020305,0.30526929238826445,3.182747726289866e-05
0.0,0.222053999970506,0.2625406415603545,0.30302728315020305,2.4297543859574944e-05
0.0,0.18156735838065746,0.222053999970506,0.2625406415603545,4.402825652505271e-05
0.0,0.28765465679512675,0.18156735838065746,0.222053999970506,2.5963032385334373e-05
0.0,0.19052228977283464,0.28765465679512675,0.18156735838065746,4.899895793641917e-05
0.0,0.3143809232456796,0.19052228977283464,0.28765465679512675,4.334976347308838e-05
0.0,0.2840065627756023,0.3143809232456796,0.19052228977283464,3.77005690097576e-05
0.0,0.2536322023055251,0.2840065627756023,0.3143809232456796,3.2051374546426814e-05
0.0,0.22325784183544783,0.2536322023055251,0.2840065627756023,2.6402180083096027e-05
0.0,0.1928834813653706,0.22325784183544783,0.2536322023055251,2.6402180083096027e-05
0.0,0.1928834813653706,0.1928834813653706,0.22325784183544783,2.6402180083096027e-05
0.0,0.1928834813653706,0.1928834813653706,0.1928834813653706,2.6402180083096027e-05
0.0,0.1928834813653706,0.1928834813653706,0.1928834813653706,2.6402180083096027e-05
